Workbook
Name alfa: Resumo!$C$26

Sheet Resumo
B2: ThermoPlex S.A. – M&V do retrofit (PEE/ANEEL): resumo dos resultados
B3: Todos os valores abaixo são fórmulas ligadas às abas de cálculo (nenhum número digitado); as escolhas (variável mais correlacionada, variáveis mantidas) são decididas por fórmula.
B5: Resultado | C5: Valor | D5: Aba de origem
B6: Variável mais correlacionada com EE (maior |r|) | C6: =INDEX('4.1a Correlação'!$D$5:$J$5,MATCH(MAX('4.1a Correlação'!$E$17:$E$23),'4.1a Correlação'!$E$17:$E$23,0)) -> Temp | D6: 4.1a
B7: r de Pearson dessa variável com EE | C7: =INDEX('4.1a Correlação'!$C$17:$C$23,MATCH(MAX('4.1a Correlação'!$E$17:$E$23),'4.1a Correlação'!$E$17:$E$23,0)) -> 0.85872084 | D7: 4.1a
B8: Variáveis mantidas após a eliminação (p < α) | C8: ='4.2b Filtragem'!C115 -> P1, P2, Temp | D8: 4.2b
B9: Parcela da UR explicada pela Temp (R² de UR ~ Temp) | C9: ='4.1d Dependência Temp-UR'!C9 -> 0.8564993 | D9: 4.1d
B10: p-valor da parte da UR não explicada pela Temp (UR⊥) | C10: ='4.1d Dependência Temp-UR'!C19 -> 0.33938724 | D10: 4.1d
B11: Intercepto β0 (MWh/sem) | C11: ='4.2c Modelo Final'!$C$7 -> 111.00555 | D11: 4.2c
B12: β1 – P1 (MWh por mil unid.) | C12: ='4.2c Modelo Final'!$C$8 -> 2.6082654 | D12: 4.2c
B13: β2 – P2 (MWh por mil unid.) | C13: ='4.2c Modelo Final'!$C$9 -> 1.4109802 | D13: 4.2c
B14: β3 – Temp (MWh/°C) | C14: ='4.2c Modelo Final'!$C$10 -> 1.7383993 | D14: 4.2c
B15: R² do modelo final | C15: ='4.2c Modelo Final'!C13 -> 0.95131221 | D15: 4.2c
B16: R² ajustado | C16: ='4.2c Modelo Final'!C14 -> 0.94826922 | D16: 4.2c
B17: CV(RMSE) | C17: ='4.2c Modelo Final'!C20 -> 0.013264461 | D17: 4.2c
B18: Atende R² > 0,75 e CV(RMSE) < 15 %? | C18: =IF(AND('4.2c Modelo Final'!E27="ATENDE",'4.2c Modelo Final'!E28="ATENDE"),"SIM","NÃO") -> SIM | D18: 4.2c
B19: Economia evitada Ano 1 (MWh) | C19: ='4.3 Economia Evitada'!E8 -> 2883.4087 | D19: 4.3
B20: Redução vs. LB ajustada | C20: ='4.3 Economia Evitada'!E9 -> 0.21171632 | D20: 4.3
B21: Economia com cenário da extrusora, SEM ANR (MWh) | C21: ='4.4 ANR'!G6 -> 2538.4087 | D21: 4.4
B22: Economia com cenário da extrusora, COM ANR (MWh) | C22: ='4.4 ANR'!G7 -> 2883.4087 | D22: 4.4
B23: Redução COM ANR | C23: ='4.4 ANR'!G10 -> 0.20648565 | D23: 4.4
B25: Premissa (editável) | C25: Valor | D25: Usada em
B26: Nível de significância α (testes de hipótese e IC) | C26: 0.05 | D26: 4.1a, 4.1b, 4.1d, 4.2a, 4.2b, 4.2c

Sheet Ano 0 - Linha de Base
B2: ThermoPlex S.A. — Dados da Linha de Base (Ano 0)
B3: Série temporal de 52 semanas para modelagem da curva de carga e determinação do consumo de referência.
B5: Semana | C5: Consumo EE (MWh) | D5: P1 (mil unid) | E5: P2 (mil unid) | F5: P3 (mil unid) | G5: P4 (mil unid) | H5: P5 (mil unid) | I5: Temp Amb (°C) | J5: Umidade Rel (%)
B6: 1 | C6: 277 | D6: 24 | E6: 37.4 | F6: 85.7 | G6: 12.2 | H6: 157.4 | I6: 29.9 | J6: 0.694
B7: 2 | C7: 288.8 | D7: 28 | E7: 39.3 | F7: 85.7 | G7: 11.1 | H7: 145.9 | I7: 29.7 | J7: 0.709
B8: 3 | C8: 275.7 | D8: 25.2 | E8: 32.2 | F8: 87.9 | G8: 11.7 | H8: 154.4 | I8: 30.5 | J8: 0.763
B9: 4 | C9: 279.6 | D9: 26.6 | E9: 36.9 | F9: 82.1 | G9: 11.5 | H9: 145.5 | I9: 31.2 | J9: 0.72
B10: 5 | C10: 281.4 | D10: 26.6 | E10: 38.4 | F10: 85.1 | G10: 11.6 | H10: 161.5 | I10: 29.8 | J10: 0.705
B11: 6 | C11: 286.4 | D11: 26.2 | E11: 36 | F11: 80.6 | G11: 10.7 | H11: 159 | I11: 29.6 | J11: 0.693
B12: 7 | C12: 292.2 | D12: 24.4 | E12: 42.1 | F12: 83.5 | G12: 11.5 | H12: 143 | I12: 30.8 | J12: 0.652
B13: 8 | C13: 280.5 | D13: 26.2 | E13: 35.1 | F13: 81.4 | G13: 12 | H13: 152.8 | I13: 29.8 | J13: 0.697
B14: 9 | C14: 275.1 | D14: 23.2 | E14: 36.9 | F14: 82.4 | G14: 13 | H14: 150.2 | I14: 28.3 | J14: 0.681
B15: 10 | C15: 277 | D15: 23.7 | E15: 37.9 | F15: 84.7 | G15: 12.5 | H15: 155.9 | I15: 28.5 | J15: 0.756
B16: 11 | C16: 284.1 | D16: 22.8 | E16: 40.4 | F16: 78.3 | G16: 13.7 | H16: 137.3 | I16: 27.1 | J16: 0.659
B17: 12 | C17: 269.5 | D17: 23.2 | E17: 33.7 | F17: 91.4 | G17: 10.7 | H17: 150.5 | I17: 26.4 | J17: 0.666
... B57: 52 | C57: 284.3 | D57: 23.9 | E57: 41.9 | F57: 83.8 | G57: 10.8 | H57: 151.1 | I57: 28.8 | J57: 0.664
B59: TOTAL ANUAL | C59: =SUM(C6:C57) -> 13548 | D59: =SUM(D6:D57) -> 1182.4 | E59: =SUM(E6:E57) -> 1894.6 | F59: =SUM(F6:F57) -> 4276 | G59: =SUM(G6:G57) -> 600.6 | H59: =SUM(H6:H57) -> 7539.4
B61: MÉDIA SEMANAL | C61: =AVERAGE(C6:C57) -> 260.53846 | D61: =AVERAGE(D6:D57) -> 22.738462 | E61: =AVERAGE(E6:E57) -> 36.434615 | F61: =AVERAGE(F6:F57) -> 82.230769 | G61: =AVERAGE(G6:G57) -> 11.55 | H61: =AVERAGE(H6:H57) -> 144.98846 | I61: =AVERAGE(I6:I57) -> 22.328846 | J61: =AVERAGE(J6:J57) -> 0.60861538
B63: MÍNIMO | C63: =MIN(C6:C57) -> 234.2 | D63: =MIN(D6:D57) -> 17.4 | E63: =MIN(E6:E57) -> 29.2 | F63: =MIN(F6:F57) -> 75.5 | G63: =MIN(G6:G57) -> 9.4 | H63: =MIN(H6:H57) -> 128.5 | I63: =MIN(I6:I57) -> 14.6 | J63: =MIN(J6:J57) -> 0.48
B64: MÁXIMO | C64: =MAX(C6:C57) -> 292.2 | D64: =MAX(D6:D57) -> 28 | E64: =MAX(E6:E57) -> 42.1 | F64: =MAX(F6:F57) -> 91.4 | G64: =MAX(G6:G57) -> 13.7 | H64: =MAX(H6:H57) -> 161.5 | I64: =MAX(I6:I57) -> 31.2 | J64: =MAX(J6:J57) -> 0.763

Sheet Ano 1 - Pós-AEE
B2: ThermoPlex S.A. — Período de Determinação Pós-AEE (Ano 1)
B3: Medições reais de consumo elétrico pós-projeto e cálculo do Consumo Evitado via Linha de Base Ajustada.
B5: Semana | C5: Consumo Medido (MWh) | D5: P1 (mil unid) | E5: P2 (mil unid) | F5: P3 (mil unid) | G5: P4 (mil unid) | H5: P5 (mil unid) | I5: Temp Amb (°C) | J5: Umidade Rel (%) | K5: LB Ajustada (MWh) | L5: Economia (MWh) | M5: Economia (%)
B6: 1 | C6: 214.8 | D6: 20.7 | E6: 40.5 | F6: 89.7 | G6: 10.8 | H6: 144 | I6: 28.9 | J6: 0.747 | K6: ='4.2c Modelo Final'!$C$7+'4.2c Modelo Final'!$C$8*D6+'4.2c Modelo Final'!$C$9*E6+'4.2c Modelo Final'!$C$10*I6 -> 272.38108 | L6: =K6-C6 -> 57.58108 | M6: =L6/K6 -> 0.21139897
B7: 2 | C7: 219.6 | D7: 24.9 | E7: 39.3 | F7: 80.9 | G7: 13.4 | H7: 142.2 | I7: 30.3 | J7: 0.719 | K7: ='4.2c Modelo Final'!$C$7+'4.2c Modelo Final'!$C$8*D7+'4.2c Modelo Final'!$C$9*E7+'4.2c Modelo Final'!$C$10*I7 -> 284.07638 | L7: =K7-C7 -> 64.476377 | M7: =L7/K7 -> 0.22696846
B8: 3 | C8: 224.1 | D8: 23.3 | E8: 41.4 | F8: 78.8 | G8: 12.6 | H8: 149.5 | I8: 30.9 | J8: 0.673 | K8: ='4.2c Modelo Final'!$C$7+'4.2c Modelo Final'!$C$8*D8+'4.2c Modelo Final'!$C$9*E8+'4.2c Modelo Final'!$C$10*I8 -> 283.90925 | L8: =K8-C8 -> 59.80925 | M8: =L8/K8 -> 0.21066327
B9: 4 | C9: 223.2 | D9: 25.8 | E9: 34.8 | F9: 82.5 | G9: 12.9 | H9: 140.7 | I9: 30.8 | J9: 0.731 | K9: ='4.2c Modelo Final'!$C$7+'4.2c Modelo Final'!$C$8*D9+'4.2c Modelo Final'!$C$9*E9+'4.2c Modelo Final'!$C$10*I9 -> 280.9436 | L9: =K9-C9 -> 57.743605 | M9: =L9/K9 -> 0.2055345
B10: 5 | C10: 221.7 | D10: 23.8 | E10: 39.8 | F10: 83.2 | G10: 12.4 | H10: 151.1 | I10: 29.2 | J10: 0.659 | K10: ='4.2c Modelo Final'!$C$7+'4.2c Modelo Final'!$C$8*D10+'4.2c Modelo Final'!$C$9*E10+'4.2c Modelo Final'!$C$10*I10 -> 280.00054 | L10: =K10-C10 -> 58.300536 | M10: =L10/K10 -> 0.2082158
B11: 6 | C11: 221.1 | D11: 22.1 | E11: 40.7 | F11: 87.6 | G11: 10.8 | H11: 135.2 | I11: 29.5 | J11: 0.719 | K11: ='4.2c Modelo Final'!$C$7+'4.2c Modelo Final'!$C$8*D11+'4.2c Modelo Final'!$C$9*E11+'4.2c Modelo Final'!$C$10*I11 -> 277.35789 | L11: =K11-C11 -> 56.257887 | M11: =L11/K11 -> 0.202835
B12: 7 | C12: 216.7 | D12: 22.4 | E12: 35.8 | F12: 75.9 | G12: 11.3 | H12: 155.7 | I12: 29.8 | J12: 0.735 | K12: ='4.2c Modelo Final'!$C$7+'4.2c Modelo Final'!$C$8*D12+'4.2c Modelo Final'!$C$9*E12+'4.2c Modelo Final'!$C$10*I12 -> 271.74808 | L12: =K12-C12 -> 55.048083 | M12: =L12/K12 -> 0.20257027
B13: 8 | C13: 226.2 | D13: 25.1 | E13: 41 | F13: 89.4 | G13: 12.2 | H13: 151.5 | I13: 30 | J13: 0.674 | K13: ='4.2c Modelo Final'!$C$7+'4.2c Modelo Final'!$C$8*D13+'4.2c Modelo Final'!$C$9*E13+'4.2c Modelo Final'!$C$10*I13 -> 286.47518 | L13: =K13-C13 -> 60.275177 | M13: =L13/K13 -> 0.21040279
B14: 9 | C14: 220.7 | D14: 25.3 | E14: 39 | F14: 82.3 | G14: 10.7 | H14: 149.9 | I14: 28.2 | J14: 0.709 | K14: ='4.2c Modelo Final'!$C$7+'4.2c Modelo Final'!$C$8*D14+'4.2c Modelo Final'!$C$9*E14+'4.2c Modelo Final'!$C$10*I14 -> 281.04575 | L14: =K14-C14 -> 60.345751 | M14: =L14/K14 -> 0.2147186
B15: 10 | C15: 209.3 | D15: 22.9 | E15: 37.1 | F15: 81.2 | G15: 12.4 | H15: 155.4 | I15: 27.9 | J15: 0.688 | K15: ='4.2c Modelo Final'!$C$7+'4.2c Modelo Final'!$C$8*D15+'4.2c Modelo Final'!$C$9*E15+'4.2c Modelo Final'!$C$10*I15 -> 271.58353 | L15: =K15-C15 -> 62.283531 | M15: =L15/K15 -> 0.22933471
B16: 11 | C16: 219.3 | D16: 25.1 | E16: 39 | F16: 78.7 | G16: 11.6 | H16: 160.5 | I16: 26.5 | J16: 0.684 | K16: ='4.2c Modelo Final'!$C$7+'4.2c Modelo Final'!$C$8*D16+'4.2c Modelo Final'!$C$9*E16+'4.2c Modelo Final'!$C$10*I16 -> 277.56882 | L16: =K16-C16 -> 58.268819 | M16: =L16/K16 -> 0.20992566
B17: 12 | C17: 211.9 | D17: 20.7 | E17: 42.1 | F17: 76 | G17: 11.5 | H17: 155.6 | I17: 25.7 | J17: 0.709 | K17: ='4.2c Modelo Final'!$C$7+'4.2c Modelo Final'!$C$8*D17+'4.2c Modelo Final'!$C$9*E17+'4.2c Modelo Final'!$C$10*I17 -> 269.07577 | L17: =K17-C17 -> 57.17577 | M17: =L17/K17 -> 0.21248948
... B57: 52 | C57: 223 | D57: 25.8 | E57: 42.6 | F57: 79.7 | G57: 12.1 | H57: 152.7 | I57: 28.4 | J57: 0.697 | K57: ='4.2c Modelo Final'!$C$7+'4.2c Modelo Final'!$C$8*D57+'4.2c Modelo Final'!$C$9*E57+'4.2c Modelo Final'!$C$10*I57 -> 287.77709 | L57: =K57-C57 -> 64.777092 | M57: =L57/K57 -> 0.22509468
B59: TOTAL ANUAL | C59: =SUM(C6:C57) -> 10735.8 | D59: =SUM(D6:D57) -> 1178 | E59: =SUM(E6:E57) -> 1944.7 | F59: =SUM(F6:F57) -> 4277 | G59: =SUM(G6:G57) -> 612.9 | H59: =SUM(H6:H57) -> 7705.7 | I59: =SUM(I6:I57) -> 1168 | K59: =SUM(K6:K57) -> 13619.209 | L59: =SUM(L6:L57) -> 2883.4087 | M59: =L59/K59 -> 0.21171632
B60: MÉDIA SEMANAL | C60: =AVERAGE(C6:C57) -> 206.45769 | D60: =AVERAGE(D6:D57) -> 22.653846 | E60: =AVERAGE(E6:E57) -> 37.398077 | F60: =AVERAGE(F6:F57) -> 82.25 | G60: =AVERAGE(G6:G57) -> 11.786538 | H60: =AVERAGE(H6:H57) -> 148.18654 | I60: =AVERAGE(I6:I57) -> 22.461538 | J60: =AVERAGE(J6:J57) -> 0.61351923 | ... L60: =AVERAGE(L6:L57) -> 55.450167

Sheet 4.1a Correlação
B2: Questão 4.1.a – Matriz de Correlação de Pearson (Ano 0, n = 52 semanas)
B3: Memória de cálculo: r = CORREL(x; y) = Σ(x−x̄)(y−ȳ) / √[Σ(x−x̄)²·Σ(y−ȳ)²]. Varia de −1 a +1: o sinal dá o sentido da relação e o módulo, a intensidade linear. A matriz é simétrica e a diagonal vale 1 (cada variável com ela mesma); a coluna "EE (MWh)" mostra quais variáveis acompanham o consumo. Cores: azul = negativo, branco = 0, laranja = positivo.
C5: EE (MWh) | D5: P1 | E5: P2 | F5: P3 | G5: P4 | H5: P5 | I5: Temp | J5: UR
B6: EE (MWh) | C6: =CORREL('Ano 0 - Linha de Base'!$C$6:$C$57,'Ano 0 - Linha de Base'!$C$6:$C$57) -> 1 | D6: =CORREL('Ano 0 - Linha de Base'!$C$6:$C$57,'Ano 0 - Linha de Base'!$D$6:$D$57) -> 0.55701781 | E6: =CORREL('Ano 0 - Linha de Base'!$C$6:$C$57,'Ano 0 - Linha de Base'!$E$6:$E$57) -> 0.57092578 | F6: =CORREL('Ano 0 - Linha de Base'!$C$6:$C$57,'Ano 0 - Linha de Base'!$F$6:$F$57) -> 0.20679525 | G6: =CORREL('Ano 0 - Linha de Base'!$C$6:$C$57,'Ano 0 - Linha de Base'!$G$6:$G$57) -> 0.13346194 | H6: =CORREL('Ano 0 - Linha de Base'!$C$6:$C$57,'Ano 0 - Linha de Base'!$H$6:$H$57) -> 0.39758433 | I6: =CORREL('Ano 0 - Linha de Base'!$C$6:$C$57,'Ano 0 - Linha de Base'!$I$6:$I$57) -> 0.85872084 | J6: =CORREL('Ano 0 - Linha de Base'!$C$6:$C$57,'Ano 0 - Linha de Base'!$J$6:$J$57) -> 0.77670247
B7: P1 | C7: =CORREL('Ano 0 - Linha de Base'!$D$6:$D$57,'Ano 0 - Linha de Base'!$C$6:$C$57) -> 0.55701781 | D7: =CORREL('Ano 0 - Linha de Base'!$D$6:$D$57,'Ano 0 - Linha de Base'!$D$6:$D$57) -> 1 | E7: =CORREL('Ano 0 - Linha de Base'!$D$6:$D$57,'Ano 0 - Linha de Base'!$E$6:$E$57) -> -0.073621196 | F7: =CORREL('Ano 0 - Linha de Base'!$D$6:$D$57,'Ano 0 - Linha de Base'!$F$6:$F$57) -> 0.0050007446 | G7: =CORREL('Ano 0 - Linha de Base'!$D$6:$D$57,'Ano 0 - Linha de Base'!$G$6:$G$57) -> 0.17831777 | H7: =CORREL('Ano 0 - Linha de Base'!$D$6:$D$57,'Ano 0 - Linha de Base'!$H$6:$H$57) -> 0.34587918 | I7: =CORREL('Ano 0 - Linha de Base'!$D$6:$D$57,'Ano 0 - Linha de Base'!$I$6:$I$57) -> 0.18259319 | J7: =CORREL('Ano 0 - Linha de Base'!$D$6:$D$57,'Ano 0 - Linha de Base'!$J$6:$J$57) -> 0.19771357
B8: P2 | C8: =CORREL('Ano 0 - Linha de Base'!$E$6:$E$57,'Ano 0 - Linha de Base'!$C$6:$C$57) -> 0.57092578 | D8: =CORREL('Ano 0 - Linha de Base'!$E$6:$E$57,'Ano 0 - Linha de Base'!$D$6:$D$57) -> -0.073621196 | E8: =CORREL('Ano 0 - Linha de Base'!$E$6:$E$57,'Ano 0 - Linha de Base'!$E$6:$E$57) -> 1 | F8: =CORREL('Ano 0 - Linha de Base'!$E$6:$E$57,'Ano 0 - Linha de Base'!$F$6:$F$57) -> 0.033262428 | G8: =CORREL('Ano 0 - Linha de Base'!$E$6:$E$57,'Ano 0 - Linha de Base'!$G$6:$G$57) -> 0.025224161 | H8: =CORREL('Ano 0 - Linha de Base'!$E$6:$E$57,'Ano 0 - Linha de Base'!$H$6:$H$57) -> -0.010527242 | I8: =CORREL('Ano 0 - Linha de Base'!$E$6:$E$57,'Ano 0 - Linha de Base'!$I$6:$I$57) -> 0.53646054 | J8: =CORREL('Ano 0 - Linha de Base'!$E$6:$E$57,'Ano 0 - Linha de Base'!$J$6:$J$57) -> 0.42146534
B9: P3 | C9: =CORREL('Ano 0 - Linha de Base'!$F$6:$F$57,'Ano 0 - Linha de Base'!$C$6:$C$57) -> 0.20679525 | D9: =CORREL('Ano 0 - Linha de Base'!$F$6:$F$57,'Ano 0 - Linha de Base'!$D$6:$D$57) -> 0.0050007446 | E9: =CORREL('Ano 0 - Linha de Base'!$F$6:$F$57,'Ano 0 - Linha de Base'!$E$6:$E$57) -> 0.033262428 | F9: =CORREL('Ano 0 - Linha de Base'!$F$6:$F$57,'Ano 0 - Linha de Base'!$F$6:$F$57) -> 1 | G9: =CORREL('Ano 0 - Linha de Base'!$F$6:$F$57,'Ano 0 - Linha de Base'!$G$6:$G$57) -> 0.02879474 | H9: =CORREL('Ano 0 - Linha de Base'!$F$6:$F$57,'Ano 0 - Linha de Base'!$H$6:$H$57) -> 0.087427276 | I9: =CORREL('Ano 0 - Linha de Base'!$F$6:$F$57,'Ano 0 - Linha de Base'!$I$6:$I$57) -> 0.32238178 | J9: =CORREL('Ano 0 - Linha de Base'!$F$6:$F$57,'Ano 0 - Linha de Base'!$J$6:$J$57) -> 0.35209218
B10: P4 | C10: =CORREL('Ano 0 - Linha de Base'!$G$6:$G$57,'Ano 0 - Linha de Base'!$C$6:$C$57) -> 0.13346194 | D10: =CORREL('Ano 0 - Linha de Base'!$G$6:$G$57,'Ano 0 - Linha de Base'!$D$6:$D$57) -> 0.17831777 | E10: =CORREL('Ano 0 - Linha de Base'!$G$6:$G$57,'Ano 0 - Linha de Base'!$E$6:$E$57) -> 0.025224161 | F10: =CORREL('Ano 0 - Linha de Base'!$G$6:$G$57,'Ano 0 - Linha de Base'!$F$6:$F$57) -> 0.02879474 | G10: =CORREL('Ano 0 - Linha de Base'!$G$6:$G$57,'Ano 0 - Linha de Base'!$G$6:$G$57) -> 1 | H10: =CORREL('Ano 0 - Linha de Base'!$G$6:$G$57,'Ano 0 - Linha de Base'!$H$6:$H$57) -> 0.023927557 | I10: =CORREL('Ano 0 - Linha de Base'!$G$6:$G$57,'Ano 0 - Linha de Base'!$I$6:$I$57) -> 0.043637997 | J10: =CORREL('Ano 0 - Linha de Base'!$G$6:$G$57,'Ano 0 - Linha de Base'!$J$6:$J$57) -> 0.065028584
B11: P5 | C11: =CORREL('Ano 0 - Linha de Base'!$H$6:$H$57,'Ano 0 - Linha de Base'!$C$6:$C$57) -> 0.39758433 | D11: =CORREL('Ano 0 - Linha de Base'!$H$6:$H$57,'Ano 0 - Linha de Base'!$D$6:$D$57) -> 0.34587918 | E11: =CORREL('Ano 0 - Linha de Base'!$H$6:$H$57,'Ano 0 - Linha de Base'!$E$6:$E$57) -> -0.010527242 | F11: =CORREL('Ano 0 - Linha de Base'!$H$6:$H$57,'Ano 0 - Linha de Base'!$F$6:$F$57) -> 0.087427276 | G11: =CORREL('Ano 0 - Linha de Base'!$H$6:$H$57,'Ano 0 - Linha de Base'!$G$6:$G$57) -> 0.023927557 | H11: =CORREL('Ano 0 - Linha de Base'!$H$6:$H$57,'Ano 0 - Linha de Base'!$H$6:$H$57) -> 1 | I11: =CORREL('Ano 0 - Linha de Base'!$H$6:$H$57,'Ano 0 - Linha de Base'!$I$6:$I$57) -> 0.38487724 | J11: =CORREL('Ano 0 - Linha de Base'!$H$6:$H$57,'Ano 0 - Linha de Base'!$J$6:$J$57) -> 0.42115956
B12: Temp | C12: =CORREL('Ano 0 - Linha de Base'!$I$6:$I$57,'Ano 0 - Linha de Base'!$C$6:$C$57) -> 0.85872084 | D12: =CORREL('Ano 0 - Linha de Base'!$I$6:$I$57,'Ano 0 - Linha de Base'!$D$6:$D$57) -> 0.18259319 | E12: =CORREL('Ano 0 - Linha de Base'!$I$6:$I$57,'Ano 0 - Linha de Base'!$E$6:$E$57) -> 0.53646054 | F12: =CORREL('Ano 0 - Linha de Base'!$I$6:$I$57,'Ano 0 - Linha de Base'!$F$6:$F$57) -> 0.32238178 | G12: =CORREL('Ano 0 - Linha de Base'!$I$6:$I$57,'Ano 0 - Linha de Base'!$G$6:$G$57) -> 0.043637997 | H12: =CORREL('Ano 0 - Linha de Base'!$I$6:$I$57,'Ano 0 - Linha de Base'!$H$6:$H$57) -> 0.38487724 | I12: =CORREL('Ano 0 - Linha de Base'!$I$6:$I$57,'Ano 0 - Linha de Base'!$I$6:$I$57) -> 1 | J12: =CORREL('Ano 0 - Linha de Base'!$I$6:$I$57,'Ano 0 - Linha de Base'!$J$6:$J$57) -> 0.92547248
B13: UR | C13: =CORREL('Ano 0 - Linha de Base'!$J$6:$J$57,'Ano 0 - Linha de Base'!$C$6:$C$57) -> 0.77670247 | D13: =CORREL('Ano 0 - Linha de Base'!$J$6:$J$57,'Ano 0 - Linha de Base'!$D$6:$D$57) -> 0.19771357 | E13: =CORREL('Ano 0 - Linha de Base'!$J$6:$J$57,'Ano 0 - Linha de Base'!$E$6:$E$57) -> 0.42146534 | F13: =CORREL('Ano 0 - Linha de Base'!$J$6:$J$57,'Ano 0 - Linha de Base'!$F$6:$F$57) -> 0.35209218 | G13: =CORREL('Ano 0 - Linha de Base'!$J$6:$J$57,'Ano 0 - Linha de Base'!$G$6:$G$57) -> 0.065028584 | H13: =CORREL('Ano 0 - Linha de Base'!$J$6:$J$57,'Ano 0 - Linha de Base'!$H$6:$H$57) -> 0.42115956 | I13: =CORREL('Ano 0 - Linha de Base'!$J$6:$J$57,'Ano 0 - Linha de Base'!$I$6:$I$57) -> 0.92547248 | J13: =CORREL('Ano 0 - Linha de Base'!$J$6:$J$57,'Ano 0 - Linha de Base'!$J$6:$J$57) -> 1
B15: Correlação de EE com cada variável e teste de significância (H0: ρ = 0)
B16: Variável | C16: r (com EE) | D16: r² | E16: |r| | F16: t = r·√(n−2)/√(1−r²) | G16: p-valor | H16: Classe | I16: Significativa (p < α)? | J16: Ranking |r|
B17: P1 (mil unid) – Estrutural Pesada | C17: =C7 -> 0.55701781 | D17: =C17^2 -> 0.31026884 | E17: =ABS(C17) -> 0.55701781 | F17: =C17*SQRT(COUNT('Ano 0 - Linha de Base'!$C$6:$C$57)-2)/SQRT(1-C17^2) -> 4.7425745 | G17: =TDIST(ABS(F17),COUNT('Ano 0 - Linha de Base'!$C$6:$C$57)-2,2) -> 1.7965862e-05 | H17: =IF(E17>=$I$26,"Forte",IF(E17>=$I$27,"Moderada",IF(E17>=$I$28,"Fraca","Muito fraca"))) -> Moderada | I17: =IF(G17<alfa,"Sim","Não") -> Sim | J17: =RANK(E17,$E$17:$E$23) -> 4
B18: P2 (mil unid) – Média | C18: =C8 -> 0.57092578 | D18: =C18^2 -> 0.32595624 | E18: =ABS(C18) -> 0.57092578 | F18: =C18*SQRT(COUNT('Ano 0 - Linha de Base'!$C$6:$C$57)-2)/SQRT(1-C18^2) -> 4.917231 | G18: =TDIST(ABS(F18),COUNT('Ano 0 - Linha de Base'!$C$6:$C$57)-2,2) -> 9.8863841e-06 | H18: =IF(E18>=$I$26,"Forte",IF(E18>=$I$27,"Moderada",IF(E18>=$I$28,"Fraca","Muito fraca"))) -> Moderada | I18: =IF(G18<alfa,"Sim","Não") -> Sim | J18: =RANK(E18,$E$17:$E$23) -> 3
B19: P3 (mil unid) – Leve | C19: =C9 -> 0.20679525 | D19: =C19^2 -> 0.042764274 | E19: =ABS(C19) -> 0.20679525 | F19: =C19*SQRT(COUNT('Ano 0 - Linha de Base'!$C$6:$C$57)-2)/SQRT(1-C19^2) -> 1.4945695 | G19: =TDIST(ABS(F19),COUNT('Ano 0 - Linha de Base'!$C$6:$C$57)-2,2) -> 0.1413117 | H19: =IF(E19>=$I$26,"Forte",IF(E19>=$I$27,"Moderada",IF(E19>=$I$28,"Fraca","Muito fraca"))) -> Muito fraca | I19: =IF(G19<alfa,"Sim","Não") -> Não | J19: =RANK(E19,$E$17:$E$23) -> 6
B20: P4 (mil unid) – Inserções Poliméricas | C20: =C10 -> 0.13346194 | D20: =C20^2 -> 0.01781209 | E20: =ABS(C20) -> 0.13346194 | F20: =C20*SQRT(COUNT('Ano 0 - Linha de Base'!$C$6:$C$57)-2)/SQRT(1-C20^2) -> 0.95223722 | G20: =TDIST(ABS(F20),COUNT('Ano 0 - Linha de Base'!$C$6:$C$57)-2,2) -> 0.34555747 | H20: =IF(E20>=$I$26,"Forte",IF(E20>=$I$27,"Moderada",IF(E20>=$I$28,"Fraca","Muito fraca"))) -> Muito fraca | I20: =IF(G20<alfa,"Sim","Não") -> Não | J20: =RANK(E20,$E$17:$E$23) -> 7
B21: P5 (mil unid) – Acessórios | C21: =C11 -> 0.39758433 | D21: =C21^2 -> 0.1580733 | E21: =ABS(C21) -> 0.39758433 | F21: =C21*SQRT(COUNT('Ano 0 - Linha de Base'!$C$6:$C$57)-2)/SQRT(1-C21^2) -> 3.0639179 | G21: =TDIST(ABS(F21),COUNT('Ano 0 - Linha de Base'!$C$6:$C$57)-2,2) -> 0.0035150545 | H21: =IF(E21>=$I$26,"Forte",IF(E21>=$I$27,"Moderada",IF(E21>=$I$28,"Fraca","Muito fraca"))) -> Fraca | I21: =IF(G21<alfa,"Sim","Não") -> Sim | J21: =RANK(E21,$E$17:$E$23) -> 5
B22: Temp (°C) | C22: =C12 -> 0.85872084 | D22: =C22^2 -> 0.73740147 | E22: =ABS(C22) -> 0.85872084 | F22: =C22*SQRT(COUNT('Ano 0 - Linha de Base'!$C$6:$C$57)-2)/SQRT(1-C22^2) -> 11.84925 | G22: =TDIST(ABS(F22),COUNT('Ano 0 - Linha de Base'!$C$6:$C$57)-2,2) -> 3.9428642e-16 | H22: =IF(E22>=$I$26,"Forte",IF(E22>=$I$27,"Moderada",IF(E22>=$I$28,"Fraca","Muito fraca"))) -> Forte | I22: =IF(G22<alfa,"Sim","Não") -> Sim | J22: =RANK(E22,$E$17:$E$23) -> 1
B23: UR (fração) | C23: =C13 -> 0.77670247 | D23: =C23^2 -> 0.60326673 | E23: =ABS(C23) -> 0.77670247 | F23: =C23*SQRT(COUNT('Ano 0 - Linha de Base'!$C$6:$C$57)-2)/SQRT(1-C23^2) -> 8.7194758 | G23: =TDIST(ABS(F23),COUNT('Ano 0 - Linha de Base'!$C$6:$C$57)-2,2) -> 1.3096619e-11 | H23: =IF(E23>=$I$26,"Forte",IF(E23>=$I$27,"Moderada",IF(E23>=$I$28,"Fraca","Muito fraca"))) -> Forte | I23: =IF(G23<alfa,"Sim","Não") -> Sim | J23: =RANK(E23,$E$17:$E$23) -> 2
B25: Colinearidade entre regressores e limiares de classificação
B26: r(Temp, UR) | C26: =J12 -> 0.92547248 | F26: Limiar "Forte" (|r| ≥) | I26: 0.7
B27: r² (Temp, UR) | C27: =C26^2 -> 0.8564993 | F27: Limiar "Moderada" (|r| ≥) | I27: 0.5
B28: VIF par-a-par = 1/(1−r²) | C28: =1/(1-C27) -> 6.9686074 | F28: Limiar "Fraca" (|r| ≥) | I28: 0.3
B29: r crítico (bilateral, α do Resumo) | C29: =TINV(alfa,COUNT('Ano 0 - Linha de Base'!$C$6:$C$57)-2)/SQRT(COUNT('Ano 0 - Linha de Base'!$C$6:$C$57)-2+TINV(alfa,COUNT('Ano 0 - Linha de Base'!$C$6:$C$57)-2)^2) -> 0.27324348
B30: ="Leitura: a variável mais correlacionada com EE é "&INDEX($D$5:$J$5,MATCH(1,$J$17:$J$23,0))&" (r = "&FIXED(INDEX($C$17:$C$23,MATCH(1,$J$17:$J$23,0)),2,TRUE)&")"&", seguida por "&INDEX($D$5:$J$5,MATCH(2,$J$17:$J$23,0))&" (r = "&FIXED(INDEX($C$17:$C$23,MATCH(2,$J$17:$J$23,0)),2,TRUE)&")"&", "&INDEX($D$5:$J$5,MATCH(3,$J$17:$J$23,0))&" (r = "&FIXED(INDEX($C$17:$C$23,MATCH(3,$J$17:$J$23,0)),2,TRUE)&")"&" e "&INDEX($D$5:$J$5,MATCH(4,$J$17:$J$23,0))&" (r = "&FIXED(INDEX($C$17:$C$23,MATCH(4,$J$17:$J$23,0)),2,TRUE)&")"&". Com n = "&COUNT('Ano 0 - Linha de Base'!$C$6:$C$57)&" semanas, |r| > "&FIXED($C$29,2,TRUE)&" já é significativo ao nível α. Entre os regressores, Temp e UR têm r = "&FIXED($C$26,2,TRUE)&" (R² = "&FIXED($C$27,2,TRUE)&"): são redundantes e não devem entrar juntas no modelo." -> Leitura: a variável mais correlacionada com EE é Temp (r = 0,86), seguida por UR (r = 0,78), P2 (r = 0,57) e P1 (r = 0,56). Com n = 52 semanas, |r| > 0,27 já é significativo ao nível α. Entre os regressores, Temp e UR têm r = 0,93 (R² = 0,86): são redundantes e não devem entrar juntas no modelo.

Sheet 4.1b Seleção
B2: Questão 4.1.b – Variáveis com impacto direto no consumo (correlação + análise física do processo)
B3: Critério em 3 etapas, todas por fórmula: (1) correlação com EE é significativa? (4.1a); (2) o efeito persiste controlando as demais variáveis, isto é, p-valor parcial < α na regressão completa (4.2a)? (3) existe mecanismo físico relevante no processo (coluna "Peso físico", premissa de engenharia, em azul)? "Direto" = (2) e (3) atendidos. Se a correlação é alta mas o efeito parcial não é, e a variável é colinear com outra, o impacto é "Indireto".
B5: Variável | C5: r com EE (4.1a) | D5: Classe de |r| | E5: Correlação significativa? | F5: Maior |r| com outro regressor | G5: Colinear com | H5: p-valor parcial (4.2a) | I5: Peso físico no processo (premissa) | J5: Classificação | K5: Decisão | L5: Confirmada na eliminação (4.2b) | M5: Justificativa física
B6: P1 (mil unid) – Estrutural Pesada | C6: ='4.1a Correlação'!C17 -> 0.55701781 | D6: ='4.1a Correlação'!H17 -> Moderada | E6: ='4.1a Correlação'!I17 -> Sim | F6: =SUMPRODUCT(MAX(ABS('4.1a Correlação'!$D7:$J7)*(ABS('4.1a Correlação'!$D7:$J7)<0.9999))) -> 0.0050007446 | G6: =INDEX('4.1a Correlação'!$D$5:$J$5,MATCH(F6,INDEX(ABS('4.1a Correlação'!$D7:$J7)*(ABS('4.1a Correlação'!$D7:$J7)<0.9999),0),0)) -> P3 | H6: ='4.2a Regressão Completa'!F8 -> 2.628911e-16 | I6: Alto | J6: =IF(AND(I6<>"Baixo",H6<alfa),"Direto",IF(AND(E6="Sim",F6>='4.1a Correlação'!$I$26),"Indireto (via "&G6&")","Sem efeito próprio")) -> Direto | K6: =IF(J6="Direto","Manter","Descartar") -> Manter | L6: =IF(ISNUMBER(MATCH(INDEX('4.1a Correlação'!$D$5:$J$5,1),Aux_X!$T$6:$V$6,0)),"Sim","Não") -> Sim | M6: Peça pesada, processo térmico longo: maior massa × tempo de permanência no forno de cura ⇒ maior energia por unidade. Causalidade direta e coeficiente esperado positivo.
B7: P2 (mil unid) – Média | C7: ='4.1a Correlação'!C18 -> 0.57092578 | D7: ='4.1a Correlação'!H18 -> Moderada | E7: ='4.1a Correlação'!I18 -> Sim | F7: =SUMPRODUCT(MAX(ABS('4.1a Correlação'!$D8:$J8)*(ABS('4.1a Correlação'!$D8:$J8)<0.9999))) -> 0.033262428 | G7: =INDEX('4.1a Correlação'!$D$5:$J$5,MATCH(F7,INDEX(ABS('4.1a Correlação'!$D8:$J8)*(ABS('4.1a Correlação'!$D8:$J8)<0.9999),0),0)) -> P3 | H7: ='4.2a Regressão Completa'!F9 -> 3.0172276e-07 | I7: Médio | J7: =IF(AND(I7<>"Baixo",H7<alfa),"Direto",IF(AND(E7="Sim",F7>='4.1a Correlação'!$I$26),"Indireto (via "&G7&")","Sem efeito próprio")) -> Direto | K7: =IF(J7="Direto","Manter","Descartar") -> Manter | L7: =IF(ISNUMBER(MATCH(INDEX('4.1a Correlação'!$D$5:$J$5,2),Aux_X!$T$6:$V$6,0)),"Sim","Não") -> Sim | M7: Peça média, processo térmico médio: mesma lógica de P1, com menor energia unitária. Impacto direto.
B8: P3 (mil unid) – Leve | C8: ='4.1a Correlação'!C19 -> 0.20679525 | D8: ='4.1a Correlação'!H19 -> Muito fraca | E8: ='4.1a Correlação'!I19 -> Não | F8: =SUMPRODUCT(MAX(ABS('4.1a Correlação'!$D9:$J9)*(ABS('4.1a Correlação'!$D9:$J9)<0.9999))) -> 0 | G8: =INDEX('4.1a Correlação'!$D$5:$J$5,MATCH(F8,INDEX(ABS('4.1a Correlação'!$D9:$J9)*(ABS('4.1a Correlação'!$D9:$J9)<0.9999),0),0)) -> P3 | H8: ='4.2a Regressão Completa'!F10 -> 0.8683077 | I8: Baixo | J8: =IF(AND(I8<>"Baixo",H8<alfa),"Direto",IF(AND(E8="Sim",F8>='4.1a Correlação'!$I$26),"Indireto (via "&G8&")","Sem efeito próprio")) -> Sem efeito próprio | K8: =IF(J8="Direto","Manter","Descartar") -> Descartar | L8: =IF(ISNUMBER(MATCH(INDEX('4.1a Correlação'!$D$5:$J$5,3),Aux_X!$T$6:$V$6,0)),"Sim","Não") -> Não | M8: Moldagem rápida, peça leve: pouco tempo e pouca massa em forno; carga térmica desprezível frente ao total. Correlação fraca, sem efeito parcial.
B9: P4 (mil unid) – Inserções Poliméricas | C9: ='4.1a Correlação'!C20 -> 0.13346194 | D9: ='4.1a Correlação'!H20 -> Muito fraca | E9: ='4.1a Correlação'!I20 -> Não | F9: =SUMPRODUCT(MAX(ABS('4.1a Correlação'!$D10:$J10)*(ABS('4.1a Correlação'!$D10:$J10)<0.9999))) -> 0.02879474 | G9: =INDEX('4.1a Correlação'!$D$5:$J$5,MATCH(F9,INDEX(ABS('4.1a Correlação'!$D10:$J10)*(ABS('4.1a Correlação'!$D10:$J10)<0.9999),0),0)) -> P3 | H9: ='4.2a Regressão Completa'!F11 -> 0.5570755 | I9: Baixo | J9: =IF(AND(I9<>"Baixo",H9<alfa),"Direto",IF(AND(E9="Sim",F9>='4.1a Correlação'!$I$26),"Indireto (via "&G9&")","Sem efeito próprio")) -> Sem efeito próprio | K9: =IF(J9="Direto","Manter","Descartar") -> Descartar | L9: =IF(ISNUMBER(MATCH(INDEX('4.1a Correlação'!$D$5:$J$5,4),Aux_X!$T$6:$V$6,0)),"Sim","Não") -> Não | M9: Inserções poliméricas, volume baixo e variação pequena: energia marginal. Sem efeito parcial detectável.
B10: P5 (mil unid) – Acessórios | C10: ='4.1a Correlação'!C21 -> 0.39758433 | D10: ='4.1a Correlação'!H21 -> Fraca | E10: ='4.1a Correlação'!I21 -> Sim | F10: =SUMPRODUCT(MAX(ABS('4.1a Correlação'!$D11:$J11)*(ABS('4.1a Correlação'!$D11:$J11)<0.9999))) -> 0.087427276 | G10: =INDEX('4.1a Correlação'!$D$5:$J$5,MATCH(F10,INDEX(ABS('4.1a Correlação'!$D11:$J11)*(ABS('4.1a Correlação'!$D11:$J11)<0.9999),0),0)) -> P3 | H10: ='4.2a Regressão Completa'!F12 -> 0.9615518 | I10: Baixo | J10: =IF(AND(I10<>"Baixo",H10<alfa),"Direto",IF(AND(E10="Sim",F10>='4.1a Correlação'!$I$26),"Indireto (via "&G10&")","Sem efeito próprio")) -> Sem efeito próprio | K10: =IF(J10="Direto","Manter","Descartar") -> Descartar | L10: =IF(ISNUMBER(MATCH(INDEX('4.1a Correlação'!$D$5:$J$5,5),Aux_X!$T$6:$V$6,0)),"Sim","Não") -> Não | M10: Acessórios e pequenos componentes, volume alto mas energia unitária mínima. A correlação marginal (coluna C) vem de colinearidade com Temp e P1, não de causa direta.
B11: Temp (°C) | C11: ='4.1a Correlação'!C22 -> 0.85872084 | D11: ='4.1a Correlação'!H22 -> Forte | E11: ='4.1a Correlação'!I22 -> Sim | F11: =SUMPRODUCT(MAX(ABS('4.1a Correlação'!$D12:$J12)*(ABS('4.1a Correlação'!$D12:$J12)<0.9999))) -> 0.32238178 | G11: =INDEX('4.1a Correlação'!$D$5:$J$5,MATCH(F11,INDEX(ABS('4.1a Correlação'!$D12:$J12)*(ABS('4.1a Correlação'!$D12:$J12)<0.9999),0),0)) -> P3 | H11: ='4.2a Regressão Completa'!F13 -> 2.7719659e-09 | I11: Alto | J11: =IF(AND(I11<>"Baixo",H11<alfa),"Direto",IF(AND(E11="Sim",F11>='4.1a Correlação'!$I$26),"Indireto (via "&G11&")","Sem efeito próprio")) -> Direto | K11: =IF(J11="Direto","Manter","Descartar") -> Manter | L11: =IF(ISNUMBER(MATCH(INDEX('4.1a Correlação'!$D$5:$J$5,6),Aux_X!$T$6:$V$6,0)),"Sim","Não") -> Sim | M11: Carga térmica ambiente: perdas dos fornos, rejeição de calor e, sobretudo, carga de resfriamento/desumidificação das salas limpas. Variável climática dominante.
B12: UR (fração) | C12: ='4.1a Correlação'!C23 -> 0.77670247 | D12: ='4.1a Correlação'!H23 -> Forte | E12: ='4.1a Correlação'!I23 -> Sim | F12: =SUMPRODUCT(MAX(ABS('4.1a Correlação'!$D13:$J13)*(ABS('4.1a Correlação'!$D13:$J13)<0.9999))) -> 0.35209218 | G12: =INDEX('4.1a Correlação'!$D$5:$J$5,MATCH(F12,INDEX(ABS('4.1a Correlação'!$D13:$J13)*(ABS('4.1a Correlação'!$D13:$J13)<0.9999),0),0)) -> P3 | H12: ='4.2a Regressão Completa'!F14 -> 0.35017047 | I12: Médio | J12: =IF(AND(I12<>"Baixo",H12<alfa),"Direto",IF(AND(E12="Sim",F12>='4.1a Correlação'!$I$26),"Indireto (via "&G12&")","Sem efeito próprio")) -> Sem efeito próprio | K12: =IF(J12="Direto","Manter","Descartar") -> Descartar | L12: =IF(ISNUMBER(MATCH(INDEX('4.1a Correlação'!$D$5:$J$5,7),Aux_X!$T$6:$V$6,0)),"Sim","Não") -> Não | M12: Influencia a desumidificação, mas acompanha a temperatura (ver aba 4.1d): após controlar Temp, não acrescenta informação.
B14: ="Conclusão: impacto direto relevante em "&LEFT(IF(J6="Direto",LEFT(B6,FIND(" ",B6&" ")-1)&", ","")&IF(J7="Direto",LEFT(B7,FIND(" ",B7&" ")-1)&", ","")&IF(J8="Direto",LEFT(B8,FIND(" ",B8&" ")-1)&", ","")&IF(J9="Direto",LEFT(B9,FIND(" ",B9&" ")-1)&", ","")&IF(J10="Direto",LEFT(B10,FIND(" ",B10&" ")-1)&", ","")&IF(J11="Direto",LEFT(B11,FIND(" ",B11&" ")-1)&", ","")&IF(J12="Direto",LEFT(B12,FIND(" ",B12&" ")-1)&", ",""),LEN(IF(J6="Direto",LEFT(B6,FIND(" ",B6&" ")-1)&", ","")&IF(J7="Direto",LEFT(B7,FIND(" ",B7&" ")-1)&", ","")&IF(J8="Direto",LEFT(B8,FIND(" ",B8&" ")-1)&", ","")&IF(J9="Direto",LEFT(B9,FIND(" ",B9&" ")-1)&", ","")&IF(J10="Direto",LEFT(B10,FIND(" ",B10&" ")-1)&", ","")&IF(J11="Direto",LEFT(B11,FIND(" ",B11&" ")-1)&", ","")&IF(J12="Direto",LEFT(B12,FIND(" ",B12&" ")-1)&", ",""))-2)&"."&" Indiretas: "&COUNTIF(J6:J12,"Indireto*")&" variável(is) (acompanham outra, sem efeito parcial). Sem efeito próprio: "&COUNTIF(J6:J12,"Sem efeito próprio")&" variável(is). "&"Coerência com a eliminação regressiva (4.2b): "&IF(SUMPRODUCT((K6:K12="Manter")*(L6:L12="Não"))+SUMPRODUCT((K6:K12="Descartar")*(L6:L12="Sim"))=0,"todas as decisões conferem.","há divergência: revisar.") -> Conclusão: impacto direto relevante em P1, P2, Temp. Indiretas: 0 variável(is) (acompanham outra, sem efeito parcial). Sem efeito próprio: 4 variável(is). Coerência com a eliminação regressiva (4.2b): todas as decisões conferem.
B15: Limiar de colinearidade = limiar "Forte" de |r| da aba 4.1a (I26); α = nome definido "alfa" (Resumo).

Sheet 4.1c Parsimônia
B2: Questão 4.1.c – Princípio da Parsimônia e graus de liberdade
B3: Comparação numérica entre o modelo com 7 variáveis (M1) e o modelo final (M5).
B5: Indicador | C5: M1 (7 variáveis) | D5: M5 (3 variáveis) | E5: Comentário
B6: Nº de observações (n) | C6: =COUNT('Ano 0 - Linha de Base'!$C$6:$C$57) -> 52 | D6: =COUNT('Ano 0 - Linha de Base'!$C$6:$C$57) -> 52 | E6: Mesmo conjunto de semanas do Ano 0.
B7: Nº de variáveis explicativas (k) | C7: =COUNTA('4.2a Regressão Completa'!B8:B14) -> 7 | D7: =COUNTA('4.2c Modelo Final'!B8:B10) -> 3 | E7: k = nº de coeficientes angulares (sem o intercepto).
B8: Graus de liberdade residuais (n−k−1) | C8: ='4.2a Regressão Completa'!C21 -> 44 | D8: ='4.2c Modelo Final'!C17 -> 48 | E8: Cada variável a mais consome 1 gl que seria usado para estimar a variância do erro.
B9: Observações por parâmetro (n/(k+1)) | C9: =C6/(C7+1) -> 6.5 | D9: =D6/(D7+1) -> 13 | E9: Regra prática: ≥ 10 observações por parâmetro; quanto menor a razão, mais incerto o ajuste.
B10: R² | C10: ='4.2a Regressão Completa'!C17 -> 0.95266178 | D10: ='4.2c Modelo Final'!C13 -> 0.95131221 | E10: R² de M1 é maior só por construção (nunca diminui ao incluir variáveis).
B11: R² ajustado | C11: ='4.2a Regressão Completa'!C18 -> 0.9451307 | D11: ='4.2c Modelo Final'!C14 -> 0.94826922 | E11: Penaliza complexidade: M5 é melhor que M1.
B12: RMSE (MWh) | C12: ='4.2a Regressão Completa'!C19 -> 3.5591938 | D12: ='4.2c Modelo Final'!C15 -> 3.4559023 | E12: Praticamente iguais: as variáveis retiradas não explicam nada a mais.
B13: Maior p-valor entre as variáveis | C13: =MAX('4.2a Regressão Completa'!F8:F14) -> 0.9615518 | D13: =MAX('4.2c Modelo Final'!F8:F10) -> 1.0688158e-08 | E13: M1 contém variáveis não significativas (p≫0,05).
B14: Erro-padrão do coeficiente de Temp | C14: ='4.2a Regressão Completa'!D13 -> 0.26612698 | D14: ='4.2c Modelo Final'!D10 -> 0.10764499 | E14: Em M1, a colinearidade com UR infla a incerteza do coeficiente de Temp.
B15: Erro-padrão do coeficiente de UR / Temp (M1) | C15: ='4.2a Regressão Completa'!D14 -> 18.12188 | D15: — | E15: =IF(C15>ABS('4.2a Regressão Completa'!C14),"O erro-padrão de UR é maior que o módulo do próprio coeficiente (|t| < 1).","O erro-padrão de UR é menor que o módulo do coeficiente.") -> O erro-padrão de UR é maior que o módulo do próprio coeficiente (|t| < 1).
B18: ="Resposta: o Princípio da Parsimônia diz que, entre modelos com desempenho equivalente, deve-se preferir o mais simples. Incluir as "&C7&" variáveis sem critério (i) consome graus de liberdade (de "&D8&" para "&C8&") e reduz as observações por parâmetro de "&FIXED(D9,1,TRUE)&" para "&FIXED(C9,1,TRUE)&", alargando os intervalos de confiança e aumentando a incerteza da economia reportada em M&V; (ii) provoca sobreajuste: o R² sobe ("&FIXED(C10,4,TRUE)&" contra "&FIXED(D10,4,TRUE)&"), mas o R² ajustado cai ("&FIXED(C11,4,TRUE)&" contra "&FIXED(D11,4,TRUE)&"); (iii) introduz multicolinearidade (Temp × UR, r = "&FIXED('4.1a Correlação'!C26,2,TRUE)&"): o erro-padrão do coeficiente de Temp vai de "&FIXED(D14,3,TRUE)&" para "&FIXED(C14,3,TRUE)&" e o coeficiente da UR sai com sinal contrário à física; (iv) dificulta a auditoria da distribuidora e da ANEEL, pois o modelo perde interpretabilidade e um erro de medição em variável irrelevante contamina a linha de base." -> Resposta: o Princípio da Parsimônia diz que, entre modelos com desempenho equivalente, deve-se preferir o mais simples. Incluir as 7 variáveis sem critério (i) consome graus de liberdade (de 48 para 44) e reduz as observações por parâmetro de 13,0 para 6,5, alargando os intervalos de confiança e aumentando a incerteza da economia reportada em M&V; (ii) provoca sobreajuste: o R² sobe (0,9527 contra 0,9513), mas o R² ajustado cai (0,9451 contra 0,9483); (iii) introduz multicolinearidade (Temp × UR, r = 0,93): o erro-padrão do coeficiente de Temp vai de 0,108 para 0,266 e o coeficiente da UR sai com sinal contrário à física; (iv) dificulta a auditoria da distribuidora e da ANEEL, pois o modelo perde interpretabilidade e um erro de medição em variável irrelevante contamina a linha de base.

Sheet 4.1d Dependência Temp-UR
B2: Questão 4.1 (complemento) – Dependência entre temperatura e umidade relativa
B3: Pergunta: a UR pode ser tratada como função da Temp e eliminada do modelo? Testes: (1) regressão auxiliar UR = a + b·Temp; (2) comparação de modelos; (3) significância da parte da UR não explicada por Temp (UR⊥).
B5: Regressão auxiliar: UR = a + b·Temp
B6: Intercepto a | C6: =INTERCEPT('Ano 0 - Linha de Base'!$J$6:$J$57,'Ano 0 - Linha de Base'!$I$6:$I$57) -> 0.32386423
B7: Inclinação b (fração de UR por °C) | C7: =SLOPE('Ano 0 - Linha de Base'!$J$6:$J$57,'Ano 0 - Linha de Base'!$I$6:$I$57) -> 0.012752614
B8: r (Temp, UR) | C8: =CORREL('Ano 0 - Linha de Base'!$I$6:$I$57,'Ano 0 - Linha de Base'!$J$6:$J$57) -> 0.92547248
B9: R² (parcela da UR explicada pela Temp) | C9: =RSQ('Ano 0 - Linha de Base'!$J$6:$J$57,'Ano 0 - Linha de Base'!$I$6:$I$57) -> 0.8564993
B10: Erro-padrão da estimativa de UR | C10: =STEYX('Ano 0 - Linha de Base'!$J$6:$J$57,'Ano 0 - Linha de Base'!$I$6:$I$57) -> 0.02911479
B11: VIF par-a-par = 1/(1−R²) | C11: =1/(1-C9) -> 6.9686074
B13: Comparação de modelos
B14: Modelo | C14: R² | D14: R² ajustado | E14: RMSE (MWh) | F14: CV(RMSE)
B15: A – P1, P2, Temp | C15: =C34 -> 0.95131221 | D15: =C35 -> 0.94826922 | E15: =C36 -> 3.4559023 | F15: =C41 -> 0.013264461
B16: B – P1, P2, UR | C16: =C52 -> 0.8928694 | D16: =C53 -> 0.88617374 | E16: =C54 -> 5.126349 | F16: =C59 -> 0.019675978
B17: C – P1, P2, Temp + UR⊥ | C17: =C71 -> 0.95225851 | D17: =C72 -> 0.9481954 | E17: =C73 -> 3.4583672 | F17: =C78 -> 0.013273922
B19: p-valor de UR⊥ no modelo C | C19: =F68 -> 0.33938724
B20: UR⊥ acrescenta informação (p < α)? | C20: =IF(C19<alfa,"SIM","NÃO") -> NÃO
B21: Melhor modelo (maior R² ajustado) | C21: =INDEX(B15:B17,MATCH(MAX(D15:D17),D15:D17,0)) -> A – P1, P2, Temp
B23: ="Conclusão: a Temp explica "&FIXED(C9*100,1,TRUE)&" % da variação da UR (r = "&FIXED(C8,2,TRUE)&"; VIF par-a-par = "&FIXED(C11,1,TRUE)&"). Trocar Temp por UR muda o RMSE de "&FIXED(E15,3,TRUE)&" para "&FIXED(E16,3,TRUE)&" MWh; acrescentar a parte da UR não explicada pela Temp (UR⊥) tem p = "&FIXED(C19,3,TRUE)&" ("&IF(C20="SIM","significativa","não significativa")&"). Logo, a UR atua no consumo essencialmente através da Temp, e pode ser eliminada em favor dela. Ressalva: isto não prova que a UR não influencie o consumo, apenas que, nestes dados, seu efeito não se separa do da temperatura." -> Conclusão: a Temp explica 85,6 % da variação da UR (r = 0,93; VIF par-a-par = 7,0). Trocar Temp por UR muda o RMSE de 3,456 para 5,126 MWh; acrescentar a parte da UR não explicada pela Temp (UR⊥) tem p = 0,339 (não significativa). Logo, a UR atua no consumo essencialmente através da Temp, e pode ser eliminada em favor dela. Ressalva: isto não prova que a UR não influencie o consumo, apenas que, nestes dados, seu efeito não se separa do da temperatura.
B26: Modelo A – P1, P2, Temp (adotado)
B27: Termo | C27: Coeficiente | D27: Erro-padrão | E27: t-stat | F27: p-valor | G27: IC95% inf. | H27: IC95% sup. | I27: Decisão (p < α)
B28: Intercepto | C28: =INDEX(LINEST('Ano 0 - Linha de Base'!$C$6:$C$57,Aux_X!$T$7:$V$58,TRUE(),TRUE()),1,4) -> 111.00555 | D28: =INDEX(LINEST('Ano 0 - Linha de Base'!$C$6:$C$57,Aux_X!$T$7:$V$58,TRUE(),TRUE()),2,4) -> 8.2075007 | E28: =C28/D28 -> 13.52489 | F28: =TDIST(ABS(E28),$C$38,2) -> 5.4199888e-18 | G28: =C28-TINV(alfa,$C$38)*D28 -> 94.503261 | H28: =C28+TINV(alfa,$C$38)*D28 -> 127.50783 | I28: —
B29: P1 (mil unid) | C29: =INDEX(LINEST('Ano 0 - Linha de Base'!$C$6:$C$57,Aux_X!$T$7:$V$58,TRUE(),TRUE()),1,3) -> 2.6082654 | D29: =INDEX(LINEST('Ano 0 - Linha de Base'!$C$6:$C$57,Aux_X!$T$7:$V$58,TRUE(),TRUE()),2,3) -> 0.18723287 | E29: =C29/D29 -> 13.930596 | F29: =TDIST(ABS(E29),$C$38,2) -> 1.7398016e-18 | G29: =C29-TINV(alfa,$C$38)*D29 -> 2.2318085 | H29: =C29+TINV(alfa,$C$38)*D29 -> 2.9847223 | I29: =IF(F29<alfa,"Significativa","Não significativa") -> Significativa
B30: P2 (mil unid) | C30: =INDEX(LINEST('Ano 0 - Linha de Base'!$C$6:$C$57,Aux_X!$T$7:$V$58,TRUE(),TRUE()),1,2) -> 1.4109802 | D30: =INDEX(LINEST('Ano 0 - Linha de Base'!$C$6:$C$57,Aux_X!$T$7:$V$58,TRUE(),TRUE()),2,2) -> 0.20466593 | E30: =C30/D30 -> 6.8940649 | F30: =TDIST(ABS(E30),$C$38,2) -> 1.0688158e-08 | G30: =C30-TINV(alfa,$C$38)*D30 -> 0.99947177 | H30: =C30+TINV(alfa,$C$38)*D30 -> 1.8224886 | I30: =IF(F30<alfa,"Significativa","Não significativa") -> Significativa
B31: Temp (°C) | C31: =INDEX(LINEST('Ano 0 - Linha de Base'!$C$6:$C$57,Aux_X!$T$7:$V$58,TRUE(),TRUE()),1,1) -> 1.7383993 | D31: =INDEX(LINEST('Ano 0 - Linha de Base'!$C$6:$C$57,Aux_X!$T$7:$V$58,TRUE(),TRUE()),2,1) -> 0.10764499 | E31: =C31/D31 -> 16.149375 | F31: =TDIST(ABS(E31),$C$38,2) -> 4.916028e-21 | G31: =C31-TINV(alfa,$C$38)*D31 -> 1.5219646 | H31: =C31+TINV(alfa,$C$38)*D31 -> 1.9548341 | I31: =IF(F31<alfa,"Significativa","Não significativa") -> Significativa
B33: Estatísticas do modelo
B34: R² | C34: =INDEX(LINEST('Ano 0 - Linha de Base'!$C$6:$C$57,Aux_X!$T$7:$V$58,TRUE(),TRUE()),3,1) -> 0.95131221
B35: R² ajustado | C35: =1-(1-C34)*(COUNT('Ano 0 - Linha de Base'!$C$6:$C$57)-1)/C38 -> 0.94826922
B36: Erro-padrão da regressão, RMSE (MWh) | C36: =INDEX(LINEST('Ano 0 - Linha de Base'!$C$6:$C$57,Aux_X!$T$7:$V$58,TRUE(),TRUE()),3,2) -> 3.4559023
B37: Estatística F | C37: =INDEX(LINEST('Ano 0 - Linha de Base'!$C$6:$C$57,Aux_X!$T$7:$V$58,TRUE(),TRUE()),4,1) -> 312.62446
B38: Graus de liberdade (n−k−1) | C38: =INDEX(LINEST('Ano 0 - Linha de Base'!$C$6:$C$57,Aux_X!$T$7:$V$58,TRUE(),TRUE()),4,2) -> 48
B39: SQ regressão | C39: =INDEX(LINEST('Ano 0 - Linha de Base'!$C$6:$C$57,Aux_X!$T$7:$V$58,TRUE(),TRUE()),5,1) -> 11201.267
B40: SQ resíduo | C40: =INDEX(LINEST('Ano 0 - Linha de Base'!$C$6:$C$57,Aux_X!$T$7:$V$58,TRUE(),TRUE()),5,2) -> 573.27653
B41: CV(RMSE) | C41: =C36/AVERAGE('Ano 0 - Linha de Base'!$C$6:$C$57) -> 0.013264461
B44: Modelo B – troca Temp por UR: P1, P2, UR
B45: Termo | C45: Coeficiente | D45: Erro-padrão | E45: t-stat | F45: p-valor | G45: IC95% inf. | H45: IC95% sup. | I45: Decisão (p < α)
B46: Intercepto | C46: =INDEX(LINEST('Ano 0 - Linha de Base'!$C$6:$C$57,Aux_X!$AC$7:$AE$58,TRUE(),TRUE()),1,4) -> 60.420288 | D46: =INDEX(LINEST('Ano 0 - Linha de Base'!$C$6:$C$57,Aux_X!$AC$7:$AE$58,TRUE(),TRUE()),2,4) -> 11.3949 | E46: =C46/D46 -> 5.3023974 | F46: =TDIST(ABS(E46),$C$56,2) -> 2.8575373e-06 | G46: =C46-TINV(alfa,$C$56)*D46 -> 37.509306 | H46: =C46+TINV(alfa,$C$56)*D46 -> 83.33127 | I46: —
B47: P1 (mil unid) | C47: =INDEX(LINEST('Ano 0 - Linha de Base'!$C$6:$C$57,Aux_X!$AC$7:$AE$58,TRUE(),TRUE()),1,3) -> 2.7331637 | D47: =INDEX(LINEST('Ano 0 - Linha de Base'!$C$6:$C$57,Aux_X!$AC$7:$AE$58,TRUE(),TRUE()),2,3) -> 0.27689297 | E47: =C47/D47 -> 9.870831 | F47: =TDIST(ABS(E47),$C$56,2) -> 3.8699901e-13 | G47: =C47-TINV(alfa,$C$56)*D47 -> 2.1764331 | H47: =C47+TINV(alfa,$C$56)*D47 -> 3.2898943 | I47: =IF(F47<alfa,"Significativa","Não significativa") -> Significativa
B48: P2 (mil unid) | C48: =INDEX(LINEST('Ano 0 - Linha de Base'!$C$6:$C$57,Aux_X!$AC$7:$AE$58,TRUE(),TRUE()),1,2) -> 2.0610031 | D48: =INDEX(LINEST('Ano 0 - Linha de Base'!$C$6:$C$57,Aux_X!$AC$7:$AE$58,TRUE(),TRUE()),2,2) -> 0.28083486 | E48: =C48/D48 -> 7.3388436 | F48: =TDIST(ABS(E48),$C$56,2) -> 2.2275894e-09 | G48: =C48-TINV(alfa,$C$56)*D48 -> 1.4963468 | H48: =C48+TINV(alfa,$C$56)*D48 -> 2.6256595 | I48: =IF(F48<alfa,"Significativa","Não significativa") -> Significativa
B49: UR (fração) | C49: =INDEX(LINEST('Ano 0 - Linha de Base'!$C$6:$C$57,Aux_X!$AC$7:$AE$58,TRUE(),TRUE()),1,1) -> 103.31382 | D49: =INDEX(LINEST('Ano 0 - Linha de Base'!$C$6:$C$57,Aux_X!$AC$7:$AE$58,TRUE(),TRUE()),2,1) -> 10.751256 | E49: =C49/D49 -> 9.6094652 | F49: =TDIST(ABS(E49),$C$56,2) -> 9.1800081e-13 | G49: =C49-TINV(alfa,$C$56)*D49 -> 81.69697 | H49: =C49+TINV(alfa,$C$56)*D49 -> 124.93067 | I49: =IF(F49<alfa,"Significativa","Não significativa") -> Significativa
B51: Estatísticas do modelo
B52: R² | C52: =INDEX(LINEST('Ano 0 - Linha de Base'!$C$6:$C$57,Aux_X!$AC$7:$AE$58,TRUE(),TRUE()),3,1) -> 0.8928694
B53: R² ajustado | C53: =1-(1-C52)*(COUNT('Ano 0 - Linha de Base'!$C$6:$C$57)-1)/C56 -> 0.88617374
B54: Erro-padrão da regressão, RMSE (MWh) | C54: =INDEX(LINEST('Ano 0 - Linha de Base'!$C$6:$C$57,Aux_X!$AC$7:$AE$58,TRUE(),TRUE()),3,2) -> 5.126349
B55: Estatística F | C55: =INDEX(LINEST('Ano 0 - Linha de Base'!$C$6:$C$57,Aux_X!$AC$7:$AE$58,TRUE(),TRUE()),4,1) -> 133.35043
B56: Graus de liberdade (n−k−1) | C56: =INDEX(LINEST('Ano 0 - Linha de Base'!$C$6:$C$57,Aux_X!$AC$7:$AE$58,TRUE(),TRUE()),4,2) -> 48
B57: SQ regressão | C57: =INDEX(LINEST('Ano 0 - Linha de Base'!$C$6:$C$57,Aux_X!$AC$7:$AE$58,TRUE(),TRUE()),5,1) -> 10513.129
B58: SQ resíduo | C58: =INDEX(LINEST('Ano 0 - Linha de Base'!$C$6:$C$57,Aux_X!$AC$7:$AE$58,TRUE(),TRUE()),5,2) -> 1261.4138
B59: CV(RMSE) | C59: =C54/AVERAGE('Ano 0 - Linha de Base'!$C$6:$C$57) -> 0.019675978
B62: Modelo C – P1, P2, Temp + UR⊥ (parte da UR não explicada por Temp)
B63: Termo | C63: Coeficiente | D63: Erro-padrão | E63: t-stat | F63: p-valor | G63: IC95% inf. | H63: IC95% sup. | I63: Decisão (p < α)
B64: Intercepto | C64: =INDEX(LINEST('Ano 0 - Linha de Base'!$C$6:$C$57,Aux_X!$X$7:$AA$58,TRUE(),TRUE()),1,5) -> 112.26705 | D64: =INDEX(LINEST('Ano 0 - Linha de Base'!$C$6:$C$57,Aux_X!$X$7:$AA$58,TRUE(),TRUE()),2,5) -> 8.3166951 | E64: =C64/D64 -> 13.498998 | F64: =TDIST(ABS(E64),$C$75,2) -> 8.6973245e-18 | G64: =C64-TINV(alfa,$C$75)*D64 -> 95.536015 | H64: =C64+TINV(alfa,$C$75)*D64 -> 128.99808 | I64: —
B65: P1 (mil unid) | C65: =INDEX(LINEST('Ano 0 - Linha de Base'!$C$6:$C$57,Aux_X!$X$7:$AA$58,TRUE(),TRUE()),1,4) -> 2.6137088 | D65: =INDEX(LINEST('Ano 0 - Linha de Base'!$C$6:$C$57,Aux_X!$X$7:$AA$58,TRUE(),TRUE()),2,4) -> 0.18745127 | E65: =C65/D65 -> 13.943404 | F65: =TDIST(ABS(E65),$C$75,2) -> 2.5566452e-18 | G65: =C65-TINV(alfa,$C$75)*D65 -> 2.2366055 | H65: =C65+TINV(alfa,$C$75)*D65 -> 2.9908121 | I65: =IF(F65<alfa,"Significativa","Não significativa") -> Significativa
B66: P2 (mil unid) | C66: =INDEX(LINEST('Ano 0 - Linha de Base'!$C$6:$C$57,Aux_X!$X$7:$AA$58,TRUE(),TRUE()),1,3) -> 1.3655031 | D66: =INDEX(LINEST('Ano 0 - Linha de Base'!$C$6:$C$57,Aux_X!$X$7:$AA$58,TRUE(),TRUE()),2,3) -> 0.21016168 | E66: =C66/D66 -> 6.4973931 | F66: =TDIST(ABS(E66),$C$75,2) -> 4.7376605e-08 | G66: =C66-TINV(alfa,$C$75)*D66 -> 0.94271228 | H66: =C66+TINV(alfa,$C$75)*D66 -> 1.7882938 | I66: =IF(F66<alfa,"Significativa","Não significativa") -> Significativa
B67: Temp (°C) | C67: =INDEX(LINEST('Ano 0 - Linha de Base'!$C$6:$C$57,Aux_X!$X$7:$AA$58,TRUE(),TRUE()),1,2) -> 1.7505659 | D67: =INDEX(LINEST('Ano 0 - Linha de Base'!$C$6:$C$57,Aux_X!$X$7:$AA$58,TRUE(),TRUE()),2,2) -> 0.10845678 | E67: =C67/D67 -> 16.140677 | F67: =TDIST(ABS(E67),$C$75,2) -> 8.4574448e-21 | G67: =C67-TINV(alfa,$C$75)*D67 -> 1.532379 | H67: =C67+TINV(alfa,$C$75)*D67 -> 1.9687528 | I67: =IF(F67<alfa,"Significativa","Não significativa") -> Significativa
B68: UR⊥ (resíduo de UR ~ Temp) | C68: =INDEX(LINEST('Ano 0 - Linha de Base'!$C$6:$C$57,Aux_X!$X$7:$AA$58,TRUE(),TRUE()),1,1) -> -16.687138 | D68: =INDEX(LINEST('Ano 0 - Linha de Base'!$C$6:$C$57,Aux_X!$X$7:$AA$58,TRUE(),TRUE()),2,1) -> 17.288871 | E68: =C68/D68 -> -0.96519538 | F68: =TDIST(ABS(E68),$C$75,2) -> 0.33938724 | G68: =C68-TINV(alfa,$C$75)*D68 -> -51.46786 | H68: =C68+TINV(alfa,$C$75)*D68 -> 18.093584 | I68: =IF(F68<alfa,"Significativa","Não significativa") -> Não significativa
B70: Estatísticas do modelo
B71: R² | C71: =INDEX(LINEST('Ano 0 - Linha de Base'!$C$6:$C$57,Aux_X!$X$7:$AA$58,TRUE(),TRUE()),3,1) -> 0.95225851
B72: R² ajustado | C72: =1-(1-C71)*(COUNT('Ano 0 - Linha de Base'!$C$6:$C$57)-1)/C75 -> 0.9481954
B73: Erro-padrão da regressão, RMSE (MWh) | C73: =INDEX(LINEST('Ano 0 - Linha de Base'!$C$6:$C$57,Aux_X!$X$7:$AA$58,TRUE(),TRUE()),3,2) -> 3.4583672
B74: Estatística F | C74: =INDEX(LINEST('Ano 0 - Linha de Base'!$C$6:$C$57,Aux_X!$X$7:$AA$58,TRUE(),TRUE()),4,1) -> 234.36714
B75: Graus de liberdade (n−k−1) | C75: =INDEX(LINEST('Ano 0 - Linha de Base'!$C$6:$C$57,Aux_X!$X$7:$AA$58,TRUE(),TRUE()),4,2) -> 47
B76: SQ regressão | C76: =INDEX(LINEST('Ano 0 - Linha de Base'!$C$6:$C$57,Aux_X!$X$7:$AA$58,TRUE(),TRUE()),5,1) -> 11212.409
B77: SQ resíduo | C77: =INDEX(LINEST('Ano 0 - Linha de Base'!$C$6:$C$57,Aux_X!$X$7:$AA$58,TRUE(),TRUE()),5,2) -> 562.13428
B78: CV(RMSE) | C78: =C73/AVERAGE('Ano 0 - Linha de Base'!$C$6:$C$57) -> 0.013273922

Sheet 4.2a Regressão Completa
B2: Questão 4.2.a – Regressão Linear Múltipla (Ano 0) com as 7 variáveis
B3: Memória de cálculo: =INDEX(LINEST(EE; X; VERDADEIRO; VERDADEIRO); linha; coluna). Equivale à ferramenta "Regressão" do Excel.
B5: Modelo M1 – todas as variáveis
B6: Termo | C6: Coeficiente | D6: Erro-padrão | E6: t-stat | F6: p-valor | G6: IC95% inf. | H6: IC95% sup. | I6: Decisão (p < α)
B7: Intercepto | C7: =INDEX(LINEST('Ano 0 - Linha de Base'!$C$6:$C$57,'Ano 0 - Linha de Base'!$D$6:$J$57,TRUE(),TRUE()),1,8) -> 116.86469 | D7: =INDEX(LINEST('Ano 0 - Linha de Base'!$C$6:$C$57,'Ano 0 - Linha de Base'!$D$6:$J$57,TRUE(),TRUE()),2,8) -> 20.029942 | E7: =C7/D7 -> 5.8344997 | F7: =TDIST(ABS(E7),$C$21,2) -> 5.9052451e-07 | G7: =C7-TINV(alfa,$C$21)*D7 -> 76.496996 | H7: =C7+TINV(alfa,$C$21)*D7 -> 157.23239 | I7: —
B8: P1 (mil unid) – Estrutural Pesada | C8: =INDEX(LINEST('Ano 0 - Linha de Base'!$C$6:$C$57,'Ano 0 - Linha de Base'!$D$6:$J$57,TRUE(),TRUE()),1,7) -> 2.587412 | D8: =INDEX(LINEST('Ano 0 - Linha de Base'!$C$6:$C$57,'Ano 0 - Linha de Base'!$D$6:$J$57,TRUE(),TRUE()),2,7) -> 0.20384555 | E8: =C8/D8 -> 12.693002 | F8: =TDIST(ABS(E8),$C$21,2) -> 2.628911e-16 | G8: =C8-TINV(alfa,$C$21)*D8 -> 2.1765883 | H8: =C8+TINV(alfa,$C$21)*D8 -> 2.9982357 | I8: =IF(F8<alfa,"Significativa","Não significativa") -> Significativa
B9: P2 (mil unid) – Média | C9: =INDEX(LINEST('Ano 0 - Linha de Base'!$C$6:$C$57,'Ano 0 - Linha de Base'!$D$6:$J$57,TRUE(),TRUE()),1,6) -> 1.3549386 | D9: =INDEX(LINEST('Ano 0 - Linha de Base'!$C$6:$C$57,'Ano 0 - Linha de Base'!$D$6:$J$57,TRUE(),TRUE()),2,6) -> 0.22458475 | E9: =C9/D9 -> 6.0330839 | F9: =TDIST(ABS(E9),$C$21,2) -> 3.0172276e-07 | G9: =C9-TINV(alfa,$C$21)*D9 -> 0.90231781 | H9: =C9+TINV(alfa,$C$21)*D9 -> 1.8075595 | I9: =IF(F9<alfa,"Significativa","Não significativa") -> Significativa
B10: P3 (mil unid) – Leve | C10: =INDEX(LINEST('Ano 0 - Linha de Base'!$C$6:$C$57,'Ano 0 - Linha de Base'!$D$6:$J$57,TRUE(),TRUE()),1,5) -> -0.02567605 | D10: =INDEX(LINEST('Ano 0 - Linha de Base'!$C$6:$C$57,'Ano 0 - Linha de Base'!$D$6:$J$57,TRUE(),TRUE()),2,5) -> 0.15395214 | E10: =C10/D10 -> -0.16677943 | F10: =TDIST(ABS(E10),$C$21,2) -> 0.8683077 | G10: =C10-TINV(alfa,$C$21)*D10 -> -0.33594619 | H10: =C10+TINV(alfa,$C$21)*D10 -> 0.28459409 | I10: =IF(F10<alfa,"Significativa","Não significativa") -> Não significativa
B11: P4 (mil unid) – Inserções Poliméricas | C11: =INDEX(LINEST('Ano 0 - Linha de Base'!$C$6:$C$57,'Ano 0 - Linha de Base'!$D$6:$J$57,TRUE(),TRUE()),1,4) -> 0.29489058 | D11: =INDEX(LINEST('Ano 0 - Linha de Base'!$C$6:$C$57,'Ano 0 - Linha de Base'!$D$6:$J$57,TRUE(),TRUE()),2,4) -> 0.4983733 | E11: =C11/D11 -> 0.59170622 | F11: =TDIST(ABS(E11),$C$21,2) -> 0.5570755 | G11: =C11-TINV(alfa,$C$21)*D11 -> -0.7095148 | H11: =C11+TINV(alfa,$C$21)*D11 -> 1.299296 | I11: =IF(F11<alfa,"Significativa","Não significativa") -> Não significativa
B12: P5 (mil unid) – Acessórios | C12: =INDEX(LINEST('Ano 0 - Linha de Base'!$C$6:$C$57,'Ano 0 - Linha de Base'!$D$6:$J$57,TRUE(),TRUE()),1,3) -> 0.0034104952 | D12: =INDEX(LINEST('Ano 0 - Linha de Base'!$C$6:$C$57,'Ano 0 - Linha de Base'!$D$6:$J$57,TRUE(),TRUE()),2,3) -> 0.070346128 | E12: =C12/D12 -> 0.048481633 | F12: =TDIST(ABS(E12),$C$21,2) -> 0.9615518 | G12: =C12-TINV(alfa,$C$21)*D12 -> -0.13836281 | H12: =C12+TINV(alfa,$C$21)*D12 -> 0.1451838 | I12: =IF(F12<alfa,"Significativa","Não significativa") -> Não significativa
B13: Temp (°C) | C13: =INDEX(LINEST('Ano 0 - Linha de Base'!$C$6:$C$57,'Ano 0 - Linha de Base'!$D$6:$J$57,TRUE(),TRUE()),1,2) -> 1.9749882 | D13: =INDEX(LINEST('Ano 0 - Linha de Base'!$C$6:$C$57,'Ano 0 - Linha de Base'!$D$6:$J$57,TRUE(),TRUE()),2,2) -> 0.26612698 | E13: =C13/D13 -> 7.421225 | F13: =TDIST(ABS(E13),$C$21,2) -> 2.7719659e-09 | G13: =C13-TINV(alfa,$C$21)*D13 -> 1.4386445 | H13: =C13+TINV(alfa,$C$21)*D13 -> 2.5113319 | I13: =IF(F13<alfa,"Significativa","Não significativa") -> Significativa
B14: UR (fração) | C14: =INDEX(LINEST('Ano 0 - Linha de Base'!$C$6:$C$57,'Ano 0 - Linha de Base'!$D$6:$J$57,TRUE(),TRUE()),1,1) -> -17.112585 | D14: =INDEX(LINEST('Ano 0 - Linha de Base'!$C$6:$C$57,'Ano 0 - Linha de Base'!$D$6:$J$57,TRUE(),TRUE()),2,1) -> 18.12188 | E14: =C14/D14 -> -0.94430515 | F14: =TDIST(ABS(E14),$C$21,2) -> 0.35017047 | G14: =C14-TINV(alfa,$C$21)*D14 -> -53.634835 | H14: =C14+TINV(alfa,$C$21)*D14 -> 19.409665 | I14: =IF(F14<alfa,"Significativa","Não significativa") -> Não significativa
B16: Estatísticas do modelo
B17: R² | C17: =INDEX(LINEST('Ano 0 - Linha de Base'!$C$6:$C$57,'Ano 0 - Linha de Base'!$D$6:$J$57,TRUE(),TRUE()),3,1) -> 0.95266178
B18: R² ajustado | C18: =1-(1-C17)*(COUNT('Ano 0 - Linha de Base'!$C$6:$C$57)-1)/C21 -> 0.9451307
B19: Erro-padrão da regressão, RMSE (MWh) | C19: =INDEX(LINEST('Ano 0 - Linha de Base'!$C$6:$C$57,'Ano 0 - Linha de Base'!$D$6:$J$57,TRUE(),TRUE()),3,2) -> 3.5591938
B20: Estatística F | C20: =INDEX(LINEST('Ano 0 - Linha de Base'!$C$6:$C$57,'Ano 0 - Linha de Base'!$D$6:$J$57,TRUE(),TRUE()),4,1) -> 126.49737
B21: Graus de liberdade (n−k−1) | C21: =INDEX(LINEST('Ano 0 - Linha de Base'!$C$6:$C$57,'Ano 0 - Linha de Base'!$D$6:$J$57,TRUE(),TRUE()),4,2) -> 44
B22: SQ regressão | C22: =INDEX(LINEST('Ano 0 - Linha de Base'!$C$6:$C$57,'Ano 0 - Linha de Base'!$D$6:$J$57,TRUE(),TRUE()),5,1) -> 11217.157
B23: SQ resíduo | C23: =INDEX(LINEST('Ano 0 - Linha de Base'!$C$6:$C$57,'Ano 0 - Linha de Base'!$D$6:$J$57,TRUE(),TRUE()),5,2) -> 557.38588
B24: CV(RMSE) | C24: =C19/AVERAGE('Ano 0 - Linha de Base'!$C$6:$C$57) -> 0.013660915

Sheet 4.2b Filtragem
B2: Questão 4.2.b – Filtragem por significância (eliminação regressiva, critério p < α; α = 0,05 no Resumo)
B3: A cada iteração remove-se a variável de maior p-valor (se > α) e o modelo é reajustado. Para quando todas as variáveis forem significativas. A coluna "Consistência" confere se a variável removida saiu mesmo do bloco seguinte.
B5: Iteração 1 – 7 variáveis
B6: Termo | C6: Coeficiente | D6: Erro-padrão | E6: t-stat | F6: p-valor | G6: IC95% inf. | H6: IC95% sup. | I6: Decisão (p < α)
B7: Intercepto | C7: =INDEX(LINEST('Ano 0 - Linha de Base'!$C$6:$C$57,'Ano 0 - Linha de Base'!$D$6:$J$57,TRUE(),TRUE()),1,8) -> 116.86469 | D7: =INDEX(LINEST('Ano 0 - Linha de Base'!$C$6:$C$57,'Ano 0 - Linha de Base'!$D$6:$J$57,TRUE(),TRUE()),2,8) -> 20.029942 | E7: =C7/D7 -> 5.8344997 | F7: =TDIST(ABS(E7),$C$21,2) -> 5.9052451e-07 | G7: =C7-TINV(alfa,$C$21)*D7 -> 76.496996 | H7: =C7+TINV(alfa,$C$21)*D7 -> 157.23239 | I7: —
B8: P1 (mil unid) – Estrutural Pesada | C8: =INDEX(LINEST('Ano 0 - Linha de Base'!$C$6:$C$57,'Ano 0 - Linha de Base'!$D$6:$J$57,TRUE(),TRUE()),1,7) -> 2.587412 | D8: =INDEX(LINEST('Ano 0 - Linha de Base'!$C$6:$C$57,'Ano 0 - Linha de Base'!$D$6:$J$57,TRUE(),TRUE()),2,7) -> 0.20384555 | E8: =C8/D8 -> 12.693002 | F8: =TDIST(ABS(E8),$C$21,2) -> 2.628911e-16 | G8: =C8-TINV(alfa,$C$21)*D8 -> 2.1765883 | H8: =C8+TINV(alfa,$C$21)*D8 -> 2.9982357 | I8: =IF(F8<alfa,"Significativa","Não significativa") -> Significativa
B9: P2 (mil unid) – Média | C9: =INDEX(LINEST('Ano 0 - Linha de Base'!$C$6:$C$57,'Ano 0 - Linha de Base'!$D$6:$J$57,TRUE(),TRUE()),1,6) -> 1.3549386 | D9: =INDEX(LINEST('Ano 0 - Linha de Base'!$C$6:$C$57,'Ano 0 - Linha de Base'!$D$6:$J$57,TRUE(),TRUE()),2,6) -> 0.22458475 | E9: =C9/D9 -> 6.0330839 | F9: =TDIST(ABS(E9),$C$21,2) -> 3.0172276e-07 | G9: =C9-TINV(alfa,$C$21)*D9 -> 0.90231781 | H9: =C9+TINV(alfa,$C$21)*D9 -> 1.8075595 | I9: =IF(F9<alfa,"Significativa","Não significativa") -> Significativa
B10: P3 (mil unid) – Leve | C10: =INDEX(LINEST('Ano 0 - Linha de Base'!$C$6:$C$57,'Ano 0 - Linha de Base'!$D$6:$J$57,TRUE(),TRUE()),1,5) -> -0.02567605 | D10: =INDEX(LINEST('Ano 0 - Linha de Base'!$C$6:$C$57,'Ano 0 - Linha de Base'!$D$6:$J$57,TRUE(),TRUE()),2,5) -> 0.15395214 | E10: =C10/D10 -> -0.16677943 | F10: =TDIST(ABS(E10),$C$21,2) -> 0.8683077 | G10: =C10-TINV(alfa,$C$21)*D10 -> -0.33594619 | H10: =C10+TINV(alfa,$C$21)*D10 -> 0.28459409 | I10: =IF(F10<alfa,"Significativa","Não significativa") -> Não significativa
B11: P4 (mil unid) – Inserções Poliméricas | C11: =INDEX(LINEST('Ano 0 - Linha de Base'!$C$6:$C$57,'Ano 0 - Linha de Base'!$D$6:$J$57,TRUE(),TRUE()),1,4) -> 0.29489058 | D11: =INDEX(LINEST('Ano 0 - Linha de Base'!$C$6:$C$57,'Ano 0 - Linha de Base'!$D$6:$J$57,TRUE(),TRUE()),2,4) -> 0.4983733 | E11: =C11/D11 -> 0.59170622 | F11: =TDIST(ABS(E11),$C$21,2) -> 0.5570755 | G11: =C11-TINV(alfa,$C$21)*D11 -> -0.7095148 | H11: =C11+TINV(alfa,$C$21)*D11 -> 1.299296 | I11: =IF(F11<alfa,"Significativa","Não significativa") -> Não significativa
B12: P5 (mil unid) – Acessórios | C12: =INDEX(LINEST('Ano 0 - Linha de Base'!$C$6:$C$57,'Ano 0 - Linha de Base'!$D$6:$J$57,TRUE(),TRUE()),1,3) -> 0.0034104952 | D12: =INDEX(LINEST('Ano 0 - Linha de Base'!$C$6:$C$57,'Ano 0 - Linha de Base'!$D$6:$J$57,TRUE(),TRUE()),2,3) -> 0.070346128 | E12: =C12/D12 -> 0.048481633 | F12: =TDIST(ABS(E12),$C$21,2) -> 0.9615518 | G12: =C12-TINV(alfa,$C$21)*D12 -> -0.13836281 | H12: =C12+TINV(alfa,$C$21)*D12 -> 0.1451838 | I12: =IF(F12<alfa,"Significativa","Não significativa") -> Não significativa
B13: Temp (°C) | C13: =INDEX(LINEST('Ano 0 - Linha de Base'!$C$6:$C$57,'Ano 0 - Linha de Base'!$D$6:$J$57,TRUE(),TRUE()),1,2) -> 1.9749882 | D13: =INDEX(LINEST('Ano 0 - Linha de Base'!$C$6:$C$57,'Ano 0 - Linha de Base'!$D$6:$J$57,TRUE(),TRUE()),2,2) -> 0.26612698 | E13: =C13/D13 -> 7.421225 | F13: =TDIST(ABS(E13),$C$21,2) -> 2.7719659e-09 | G13: =C13-TINV(alfa,$C$21)*D13 -> 1.4386445 | H13: =C13+TINV(alfa,$C$21)*D13 -> 2.5113319 | I13: =IF(F13<alfa,"Significativa","Não significativa") -> Significativa
B14: UR (fração) | C14: =INDEX(LINEST('Ano 0 - Linha de Base'!$C$6:$C$57,'Ano 0 - Linha de Base'!$D$6:$J$57,TRUE(),TRUE()),1,1) -> -17.112585 | D14: =INDEX(LINEST('Ano 0 - Linha de Base'!$C$6:$C$57,'Ano 0 - Linha de Base'!$D$6:$J$57,TRUE(),TRUE()),2,1) -> 18.12188 | E14: =C14/D14 -> -0.94430515 | F14: =TDIST(ABS(E14),$C$21,2) -> 0.35017047 | G14: =C14-TINV(alfa,$C$21)*D14 -> -53.634835 | H14: =C14+TINV(alfa,$C$21)*D14 -> 19.409665 | I14: =IF(F14<alfa,"Significativa","Não significativa") -> Não significativa
B16: Estatísticas do modelo
B17: R² | C17: =INDEX(LINEST('Ano 0 - Linha de Base'!$C$6:$C$57,'Ano 0 - Linha de Base'!$D$6:$J$57,TRUE(),TRUE()),3,1) -> 0.95266178
B18: R² ajustado | C18: =1-(1-C17)*(COUNT('Ano 0 - Linha de Base'!$C$6:$C$57)-1)/C21 -> 0.9451307
B19: Erro-padrão da regressão, RMSE (MWh) | C19: =INDEX(LINEST('Ano 0 - Linha de Base'!$C$6:$C$57,'Ano 0 - Linha de Base'!$D$6:$J$57,TRUE(),TRUE()),3,2) -> 3.5591938
B20: Estatística F | C20: =INDEX(LINEST('Ano 0 - Linha de Base'!$C$6:$C$57,'Ano 0 - Linha de Base'!$D$6:$J$57,TRUE(),TRUE()),4,1) -> 126.49737
B21: Graus de liberdade (n−k−1) | C21: =INDEX(LINEST('Ano 0 - Linha de Base'!$C$6:$C$57,'Ano 0 - Linha de Base'!$D$6:$J$57,TRUE(),TRUE()),4,2) -> 44
B22: SQ regressão | C22: =INDEX(LINEST('Ano 0 - Linha de Base'!$C$6:$C$57,'Ano 0 - Linha de Base'!$D$6:$J$57,TRUE(),TRUE()),5,1) -> 11217.157
B23: SQ resíduo | C23: =INDEX(LINEST('Ano 0 - Linha de Base'!$C$6:$C$57,'Ano 0 - Linha de Base'!$D$6:$J$57,TRUE(),TRUE()),5,2) -> 557.38588
B24: CV(RMSE) | C24: =C19/AVERAGE('Ano 0 - Linha de Base'!$C$6:$C$57) -> 0.013660915
B27: Iteração 2 – sem P5
B28: Termo | C28: Coeficiente | D28: Erro-padrão | E28: t-stat | F28: p-valor | G28: IC95% inf. | H28: IC95% sup. | I28: Decisão (p < α)
B29: Intercepto | C29: =INDEX(LINEST('Ano 0 - Linha de Base'!$C$6:$C$57,Aux_X!$B$7:$G$58,TRUE(),TRUE()),1,7) -> 117.35587 | D29: =INDEX(LINEST('Ano 0 - Linha de Base'!$C$6:$C$57,Aux_X!$B$7:$G$58,TRUE(),TRUE()),2,7) -> 17.086141 | E29: =C29/D29 -> 6.8684835 | F29: =TDIST(ABS(E29),$C$42,2) -> 1.5970515e-08 | G29: =C29-TINV(alfa,$C$42)*D29 -> 82.942621 | H29: =C29+TINV(alfa,$C$42)*D29 -> 151.76913 | I29: —
B30: P1 (mil unid) – Estrutural Pesada | C30: =INDEX(LINEST('Ano 0 - Linha de Base'!$C$6:$C$57,Aux_X!$B$7:$G$58,TRUE(),TRUE()),1,6) -> 2.5899391 | D30: =INDEX(LINEST('Ano 0 - Linha de Base'!$C$6:$C$57,Aux_X!$B$7:$G$58,TRUE(),TRUE()),2,6) -> 0.19487177 | E30: =C30/D30 -> 13.290479 | F30: =TDIST(ABS(E30),$C$42,2) -> 3.4690893e-17 | G30: =C30-TINV(alfa,$C$42)*D30 -> 2.1974472 | H30: =C30+TINV(alfa,$C$42)*D30 -> 2.982431 | I30: =IF(F30<alfa,"Significativa","Não significativa") -> Significativa
B31: P2 (mil unid) – Média | C31: =INDEX(LINEST('Ano 0 - Linha de Base'!$C$6:$C$57,Aux_X!$B$7:$G$58,TRUE(),TRUE()),1,5) -> 1.3526469 | D31: =INDEX(LINEST('Ano 0 - Linha de Base'!$C$6:$C$57,Aux_X!$B$7:$G$58,TRUE(),TRUE()),2,5) -> 0.21710639 | E31: =C31/D31 -> 6.2303414 | F31: =TDIST(ABS(E31),$C$42,2) -> 1.4197839e-07 | G31: =C31-TINV(alfa,$C$42)*D31 -> 0.91537221 | H31: =C31+TINV(alfa,$C$42)*D31 -> 1.7899216 | I31: =IF(F31<alfa,"Significativa","Não significativa") -> Significativa
B32: P3 (mil unid) – Leve | C32: =INDEX(LINEST('Ano 0 - Linha de Base'!$C$6:$C$57,Aux_X!$B$7:$G$58,TRUE(),TRUE()),1,4) -> -0.026333388 | D32: =INDEX(LINEST('Ano 0 - Linha de Base'!$C$6:$C$57,Aux_X!$B$7:$G$58,TRUE(),TRUE()),2,4) -> 0.15164447 | E32: =C32/D32 -> -0.17365214 | F32: =TDIST(ABS(E32),$C$42,2) -> 0.86291767 | G32: =C32-TINV(alfa,$C$42)*D32 -> -0.33176103 | H32: =C32+TINV(alfa,$C$42)*D32 -> 0.27909426 | I32: =IF(F32<alfa,"Significativa","Não significativa") -> Não significativa
B33: P4 (mil unid) – Inserções Poliméricas | C33: =INDEX(LINEST('Ano 0 - Linha de Base'!$C$6:$C$57,Aux_X!$B$7:$G$58,TRUE(),TRUE()),1,3) -> 0.29377749 | D33: =INDEX(LINEST('Ano 0 - Linha de Base'!$C$6:$C$57,Aux_X!$B$7:$G$58,TRUE(),TRUE()),2,3) -> 0.49229465 | E33: =C33/D33 -> 0.59675134 | F33: =TDIST(ABS(E33),$C$42,2) -> 0.55366402 | G33: =C33-TINV(alfa,$C$42)*D33 -> -0.69775483 | H33: =C33+TINV(alfa,$C$42)*D33 -> 1.2853098 | I33: =IF(F33<alfa,"Significativa","Não significativa") -> Não significativa
B34: Temp (°C) | C34: =INDEX(LINEST('Ano 0 - Linha de Base'!$C$6:$C$57,Aux_X!$B$7:$G$58,TRUE(),TRUE()),1,2) -> 1.9759933 | D34: =INDEX(LINEST('Ano 0 - Linha de Base'!$C$6:$C$57,Aux_X!$B$7:$G$58,TRUE(),TRUE()),2,2) -> 0.26236075 | E34: =C34/D34 -> 7.5315887 | F34: =TDIST(ABS(E34),$C$42,2) -> 1.6705768e-09 | G34: =C34-TINV(alfa,$C$42)*D34 -> 1.4475716 | H34: =C34+TINV(alfa,$C$42)*D34 -> 2.504415 | I34: =IF(F34<alfa,"Significativa","Não significativa") -> Significativa
B35: UR (fração) | C35: =INDEX(LINEST('Ano 0 - Linha de Base'!$C$6:$C$57,Aux_X!$B$7:$G$58,TRUE(),TRUE()),1,1) -> -16.991321 | D35: =INDEX(LINEST('Ano 0 - Linha de Base'!$C$6:$C$57,Aux_X!$B$7:$G$58,TRUE(),TRUE()),2,1) -> 17.748363 | E35: =C35/D35 -> -0.95734582 | F35: =TDIST(ABS(E35),$C$42,2) -> 0.34350806 | G35: =C35-TINV(alfa,$C$42)*D35 -> -52.738359 | H35: =C35+TINV(alfa,$C$42)*D35 -> 18.755717 | I35: =IF(F35<alfa,"Significativa","Não significativa") -> Não significativa
B37: Estatísticas do modelo
B38: R² | C38: =INDEX(LINEST('Ano 0 - Linha de Base'!$C$6:$C$57,Aux_X!$B$7:$G$58,TRUE(),TRUE()),3,1) -> 0.95265925
B39: R² ajustado | C39: =1-(1-C38)*(COUNT('Ano 0 - Linha de Base'!$C$6:$C$57)-1)/C42 -> 0.94634715
B40: Erro-padrão da regressão, RMSE (MWh) | C40: =INDEX(LINEST('Ano 0 - Linha de Base'!$C$6:$C$57,Aux_X!$B$7:$G$58,TRUE(),TRUE()),3,2) -> 3.5195191
B41: Estatística F | C41: =INDEX(LINEST('Ano 0 - Linha de Base'!$C$6:$C$57,Aux_X!$B$7:$G$58,TRUE(),TRUE()),4,1) -> 150.92589
B42: Graus de liberdade (n−k−1) | C42: =INDEX(LINEST('Ano 0 - Linha de Base'!$C$6:$C$57,Aux_X!$B$7:$G$58,TRUE(),TRUE()),4,2) -> 45
B43: SQ regressão | C43: =INDEX(LINEST('Ano 0 - Linha de Base'!$C$6:$C$57,Aux_X!$B$7:$G$58,TRUE(),TRUE()),5,1) -> 11217.127
B44: SQ resíduo | C44: =INDEX(LINEST('Ano 0 - Linha de Base'!$C$6:$C$57,Aux_X!$B$7:$G$58,TRUE(),TRUE()),5,2) -> 557.41565
B45: CV(RMSE) | C45: =C40/AVERAGE('Ano 0 - Linha de Base'!$C$6:$C$57) -> 0.013508635
B48: Iteração 3 – sem P5, P3
B49: Termo | C49: Coeficiente | D49: Erro-padrão | E49: t-stat | F49: p-valor | G49: IC95% inf. | H49: IC95% sup. | I49: Decisão (p < α)
B50: Intercepto | C50: =INDEX(LINEST('Ano 0 - Linha de Base'!$C$6:$C$57,Aux_X!$I$7:$M$58,TRUE(),TRUE()),1,6) -> 115.19282 | D50: =INDEX(LINEST('Ano 0 - Linha de Base'!$C$6:$C$57,Aux_X!$I$7:$M$58,TRUE(),TRUE()),2,6) -> 11.571245 | E50: =C50/D50 -> 9.9550923 | F50: =TDIST(ABS(E50),$C$62,2) -> 4.6957179e-13 | G50: =C50-TINV(alfa,$C$62)*D50 -> 91.901107 | H50: =C50+TINV(alfa,$C$62)*D50 -> 138.48453 | I50: —
B51: P1 (mil unid) – Estrutural Pesada | C51: =INDEX(LINEST('Ano 0 - Linha de Base'!$C$6:$C$57,Aux_X!$I$7:$M$58,TRUE(),TRUE()),1,5) -> 2.5934888 | D51: =INDEX(LINEST('Ano 0 - Linha de Base'!$C$6:$C$57,Aux_X!$I$7:$M$58,TRUE(),TRUE()),2,5) -> 0.19174282 | E51: =C51/D51 -> 13.525872 | F51: =TDIST(ABS(E51),$C$62,2) -> 1.2136349e-17 | G51: =C51-TINV(alfa,$C$62)*D51 -> 2.2075305 | H51: =C51+TINV(alfa,$C$62)*D51 -> 2.9794471 | I51: =IF(F51<alfa,"Significativa","Não significativa") -> Significativa
B52: P2 (mil unid) – Média | C52: =INDEX(LINEST('Ano 0 - Linha de Base'!$C$6:$C$57,Aux_X!$I$7:$M$58,TRUE(),TRUE()),1,4) -> 1.3588212 | D52: =INDEX(LINEST('Ano 0 - Linha de Base'!$C$6:$C$57,Aux_X!$I$7:$M$58,TRUE(),TRUE()),2,4) -> 0.21190535 | E52: =C52/D52 -> 6.4123966 | F52: =TDIST(ABS(E52),$C$62,2) -> 6.9578946e-08 | G52: =C52-TINV(alfa,$C$62)*D52 -> 0.93227782 | H52: =C52+TINV(alfa,$C$62)*D52 -> 1.7853645 | I52: =IF(F52<alfa,"Significativa","Não significativa") -> Significativa
B53: P4 (mil unid) – Inserções Poliméricas | C53: =INDEX(LINEST('Ano 0 - Linha de Base'!$C$6:$C$57,Aux_X!$I$7:$M$58,TRUE(),TRUE()),1,3) -> 0.2914623 | D53: =INDEX(LINEST('Ano 0 - Linha de Base'!$C$6:$C$57,Aux_X!$I$7:$M$58,TRUE(),TRUE()),2,3) -> 0.48689868 | E53: =C53/D53 -> 0.59860974 | F53: =TDIST(ABS(E53),$C$62,2) -> 0.55236964 | G53: =C53-TINV(alfa,$C$62)*D53 -> -0.68861392 | H53: =C53+TINV(alfa,$C$62)*D53 -> 1.2715385 | I53: =IF(F53<alfa,"Significativa","Não significativa") -> Não significativa
B54: Temp (°C) | C54: =INDEX(LINEST('Ano 0 - Linha de Base'!$C$6:$C$57,Aux_X!$I$7:$M$58,TRUE(),TRUE()),1,2) -> 1.9730892 | D54: =INDEX(LINEST('Ano 0 - Linha de Base'!$C$6:$C$57,Aux_X!$I$7:$M$58,TRUE(),TRUE()),2,2) -> 0.25905238 | E54: =C54/D54 -> 7.6165647 | F54: =TDIST(ABS(E54),$C$62,2) -> 1.092893e-09 | G54: =C54-TINV(alfa,$C$62)*D54 -> 1.4516438 | H54: =C54+TINV(alfa,$C$62)*D54 -> 2.4945346 | I54: =IF(F54<alfa,"Significativa","Não significativa") -> Significativa
B55: UR (fração) | C55: =INDEX(LINEST('Ano 0 - Linha de Base'!$C$6:$C$57,Aux_X!$I$7:$M$58,TRUE(),TRUE()),1,1) -> -17.346953 | D55: =INDEX(LINEST('Ano 0 - Linha de Base'!$C$6:$C$57,Aux_X!$I$7:$M$58,TRUE(),TRUE()),2,1) -> 17.442972 | E55: =C55/D55 -> -0.99449524 | F55: =TDIST(ABS(E55),$C$62,2) -> 0.32518459 | G55: =C55-TINV(alfa,$C$62)*D55 -> -52.457834 | H55: =C55+TINV(alfa,$C$62)*D55 -> 17.763929 | I55: =IF(F55<alfa,"Significativa","Não significativa") -> Não significativa
B57: Estatísticas do modelo
B58: R² | C58: =INDEX(LINEST('Ano 0 - Linha de Base'!$C$6:$C$57,Aux_X!$I$7:$M$58,TRUE(),TRUE()),3,1) -> 0.95262753
B59: R² ajustado | C59: =1-(1-C58)*(COUNT('Ano 0 - Linha de Base'!$C$6:$C$57)-1)/C62 -> 0.94747835
B60: Erro-padrão da regressão, RMSE (MWh) | C60: =INDEX(LINEST('Ano 0 - Linha de Base'!$C$6:$C$57,Aux_X!$I$7:$M$58,TRUE(),TRUE()),3,2) -> 3.4822194
B61: Estatística F | C61: =INDEX(LINEST('Ano 0 - Linha de Base'!$C$6:$C$57,Aux_X!$I$7:$M$58,TRUE(),TRUE()),4,1) -> 185.00562
B62: Graus de liberdade (n−k−1) | C62: =INDEX(LINEST('Ano 0 - Linha de Base'!$C$6:$C$57,Aux_X!$I$7:$M$58,TRUE(),TRUE()),4,2) -> 46
B63: SQ regressão | C63: =INDEX(LINEST('Ano 0 - Linha de Base'!$C$6:$C$57,Aux_X!$I$7:$M$58,TRUE(),TRUE()),5,1) -> 11216.754
B64: SQ resíduo | C64: =INDEX(LINEST('Ano 0 - Linha de Base'!$C$6:$C$57,Aux_X!$I$7:$M$58,TRUE(),TRUE()),5,2) -> 557.78918
B65: CV(RMSE) | C65: =C60/AVERAGE('Ano 0 - Linha de Base'!$C$6:$C$57) -> 0.013365471
B68: Iteração 4 – sem P5, P3, P4
B69: Termo | C69: Coeficiente | D69: Erro-padrão | E69: t-stat | F69: p-valor | G69: IC95% inf. | H69: IC95% sup. | I69: Decisão (p < α)
B70: Intercepto | C70: =INDEX(LINEST('Ano 0 - Linha de Base'!$C$6:$C$57,Aux_X!$O$7:$R$58,TRUE(),TRUE()),1,5) -> 117.67141 | D70: =INDEX(LINEST('Ano 0 - Linha de Base'!$C$6:$C$57,Aux_X!$O$7:$R$58,TRUE(),TRUE()),2,5) -> 10.731044 | E70: =C70/D70 -> 10.965514 | F70: =TDIST(ABS(E70),$C$81,2) -> 1.504797e-14 | G70: =C70-TINV(alfa,$C$81)*D70 -> 96.083339 | H70: =C70+TINV(alfa,$C$81)*D70 -> 139.25949 | I70: —
B71: P1 (mil unid) – Estrutural Pesada | C71: =INDEX(LINEST('Ano 0 - Linha de Base'!$C$6:$C$57,Aux_X!$O$7:$R$58,TRUE(),TRUE()),1,4) -> 2.6137088 | D71: =INDEX(LINEST('Ano 0 - Linha de Base'!$C$6:$C$57,Aux_X!$O$7:$R$58,TRUE(),TRUE()),2,4) -> 0.18745127 | E71: =C71/D71 -> 13.943404 | F71: =TDIST(ABS(E71),$C$81,2) -> 2.5566452e-18 | G71: =C71-TINV(alfa,$C$81)*D71 -> 2.2366055 | H71: =C71+TINV(alfa,$C$81)*D71 -> 2.9908121 | I71: =IF(F71<alfa,"Significativa","Não significativa") -> Significativa
B72: P2 (mil unid) – Média | C72: =INDEX(LINEST('Ano 0 - Linha de Base'!$C$6:$C$57,Aux_X!$O$7:$R$58,TRUE(),TRUE()),1,3) -> 1.3655031 | D72: =INDEX(LINEST('Ano 0 - Linha de Base'!$C$6:$C$57,Aux_X!$O$7:$R$58,TRUE(),TRUE()),2,3) -> 0.21016168 | E72: =C72/D72 -> 6.4973931 | F72: =TDIST(ABS(E72),$C$81,2) -> 4.7376605e-08 | G72: =C72-TINV(alfa,$C$81)*D72 -> 0.94271228 | H72: =C72+TINV(alfa,$C$81)*D72 -> 1.7882938 | I72: =IF(F72<alfa,"Significativa","Não significativa") -> Significativa
B73: Temp (°C) | C73: =INDEX(LINEST('Ano 0 - Linha de Base'!$C$6:$C$57,Aux_X!$O$7:$R$58,TRUE(),TRUE()),1,2) -> 1.9633706 | D73: =INDEX(LINEST('Ano 0 - Linha de Base'!$C$6:$C$57,Aux_X!$O$7:$R$58,TRUE(),TRUE()),2,2) -> 0.25677218 | E73: =C73/D73 -> 7.6463522 | F73: =TDIST(ABS(E73),$C$81,2) -> 8.6279567e-10 | G73: =C73-TINV(alfa,$C$81)*D73 -> 1.4468116 | H73: =C73+TINV(alfa,$C$81)*D73 -> 2.4799296 | I73: =IF(F73<alfa,"Significativa","Não significativa") -> Significativa
B74: UR (fração) | C74: =INDEX(LINEST('Ano 0 - Linha de Base'!$C$6:$C$57,Aux_X!$O$7:$R$58,TRUE(),TRUE()),1,1) -> -16.687138 | D74: =INDEX(LINEST('Ano 0 - Linha de Base'!$C$6:$C$57,Aux_X!$O$7:$R$58,TRUE(),TRUE()),2,1) -> 17.288871 | E74: =C74/D74 -> -0.96519538 | F74: =TDIST(ABS(E74),$C$81,2) -> 0.33938724 | G74: =C74-TINV(alfa,$C$81)*D74 -> -51.46786 | H74: =C74+TINV(alfa,$C$81)*D74 -> 18.093584 | I74: =IF(F74<alfa,"Significativa","Não significativa") -> Não significativa
B76: Estatísticas do modelo
B77: R² | C77: =INDEX(LINEST('Ano 0 - Linha de Base'!$C$6:$C$57,Aux_X!$O$7:$R$58,TRUE(),TRUE()),3,1) -> 0.95225851
B78: R² ajustado | C78: =1-(1-C77)*(COUNT('Ano 0 - Linha de Base'!$C$6:$C$57)-1)/C81 -> 0.9481954
B79: Erro-padrão da regressão, RMSE (MWh) | C79: =INDEX(LINEST('Ano 0 - Linha de Base'!$C$6:$C$57,Aux_X!$O$7:$R$58,TRUE(),TRUE()),3,2) -> 3.4583672
B80: Estatística F | C80: =INDEX(LINEST('Ano 0 - Linha de Base'!$C$6:$C$57,Aux_X!$O$7:$R$58,TRUE(),TRUE()),4,1) -> 234.36714
B81: Graus de liberdade (n−k−1) | C81: =INDEX(LINEST('Ano 0 - Linha de Base'!$C$6:$C$57,Aux_X!$O$7:$R$58,TRUE(),TRUE()),4,2) -> 47
B82: SQ regressão | C82: =INDEX(LINEST('Ano 0 - Linha de Base'!$C$6:$C$57,Aux_X!$O$7:$R$58,TRUE(),TRUE()),5,1) -> 11212.409
B83: SQ resíduo | C83: =INDEX(LINEST('Ano 0 - Linha de Base'!$C$6:$C$57,Aux_X!$O$7:$R$58,TRUE(),TRUE()),5,2) -> 562.13428
B84: CV(RMSE) | C84: =C79/AVERAGE('Ano 0 - Linha de Base'!$C$6:$C$57) -> 0.013273922
B87: Iteração 5 – sem P5, P3, P4, UR (modelo final)
B88: Termo | C88: Coeficiente | D88: Erro-padrão | E88: t-stat | F88: p-valor | G88: IC95% inf. | H88: IC95% sup. | I88: Decisão (p < α)
B89: Intercepto | C89: =INDEX(LINEST('Ano 0 - Linha de Base'!$C$6:$C$57,Aux_X!$T$7:$V$58,TRUE(),TRUE()),1,4) -> 111.00555 | D89: =INDEX(LINEST('Ano 0 - Linha de Base'!$C$6:$C$57,Aux_X!$T$7:$V$58,TRUE(),TRUE()),2,4) -> 8.2075007 | E89: =C89/D89 -> 13.52489 | F89: =TDIST(ABS(E89),$C$99,2) -> 5.4199888e-18 | G89: =C89-TINV(alfa,$C$99)*D89 -> 94.503261 | H89: =C89+TINV(alfa,$C$99)*D89 -> 127.50783 | I89: —
B90: P1 (mil unid) – Estrutural Pesada | C90: =INDEX(LINEST('Ano 0 - Linha de Base'!$C$6:$C$57,Aux_X!$T$7:$V$58,TRUE(),TRUE()),1,3) -> 2.6082654 | D90: =INDEX(LINEST('Ano 0 - Linha de Base'!$C$6:$C$57,Aux_X!$T$7:$V$58,TRUE(),TRUE()),2,3) -> 0.18723287 | E90: =C90/D90 -> 13.930596 | F90: =TDIST(ABS(E90),$C$99,2) -> 1.7398016e-18 | G90: =C90-TINV(alfa,$C$99)*D90 -> 2.2318085 | H90: =C90+TINV(alfa,$C$99)*D90 -> 2.9847223 | I90: =IF(F90<alfa,"Significativa","Não significativa") -> Significativa
B91: P2 (mil unid) – Média | C91: =INDEX(LINEST('Ano 0 - Linha de Base'!$C$6:$C$57,Aux_X!$T$7:$V$58,TRUE(),TRUE()),1,2) -> 1.4109802 | D91: =INDEX(LINEST('Ano 0 - Linha de Base'!$C$6:$C$57,Aux_X!$T$7:$V$58,TRUE(),TRUE()),2,2) -> 0.20466593 | E91: =C91/D91 -> 6.8940649 | F91: =TDIST(ABS(E91),$C$99,2) -> 1.0688158e-08 | G91: =C91-TINV(alfa,$C$99)*D91 -> 0.99947177 | H91: =C91+TINV(alfa,$C$99)*D91 -> 1.8224886 | I91: =IF(F91<alfa,"Significativa","Não significativa") -> Significativa
B92: Temp (°C) | C92: =INDEX(LINEST('Ano 0 - Linha de Base'!$C$6:$C$57,Aux_X!$T$7:$V$58,TRUE(),TRUE()),1,1) -> 1.7383993 | D92: =INDEX(LINEST('Ano 0 - Linha de Base'!$C$6:$C$57,Aux_X!$T$7:$V$58,TRUE(),TRUE()),2,1) -> 0.10764499 | E92: =C92/D92 -> 16.149375 | F92: =TDIST(ABS(E92),$C$99,2) -> 4.916028e-21 | G92: =C92-TINV(alfa,$C$99)*D92 -> 1.5219646 | H92: =C92+TINV(alfa,$C$99)*D92 -> 1.9548341 | I92: =IF(F92<alfa,"Significativa","Não significativa") -> Significativa
B94: Estatísticas do modelo
B95: R² | C95: =INDEX(LINEST('Ano 0 - Linha de Base'!$C$6:$C$57,Aux_X!$T$7:$V$58,TRUE(),TRUE()),3,1) -> 0.95131221
B96: R² ajustado | C96: =1-(1-C95)*(COUNT('Ano 0 - Linha de Base'!$C$6:$C$57)-1)/C99 -> 0.94826922
B97: Erro-padrão da regressão, RMSE (MWh) | C97: =INDEX(LINEST('Ano 0 - Linha de Base'!$C$6:$C$57,Aux_X!$T$7:$V$58,TRUE(),TRUE()),3,2) -> 3.4559023
B98: Estatística F | C98: =INDEX(LINEST('Ano 0 - Linha de Base'!$C$6:$C$57,Aux_X!$T$7:$V$58,TRUE(),TRUE()),4,1) -> 312.62446
B99: Graus de liberdade (n−k−1) | C99: =INDEX(LINEST('Ano 0 - Linha de Base'!$C$6:$C$57,Aux_X!$T$7:$V$58,TRUE(),TRUE()),4,2) -> 48
B100: SQ regressão | C100: =INDEX(LINEST('Ano 0 - Linha de Base'!$C$6:$C$57,Aux_X!$T$7:$V$58,TRUE(),TRUE()),5,1) -> 11201.267
B101: SQ resíduo | C101: =INDEX(LINEST('Ano 0 - Linha de Base'!$C$6:$C$57,Aux_X!$T$7:$V$58,TRUE(),TRUE()),5,2) -> 573.27653
B102: CV(RMSE) | C102: =C97/AVERAGE('Ano 0 - Linha de Base'!$C$6:$C$57) -> 0.013264461
B105: Resumo das iterações
B106: Iteração | C106: Maior p-valor (var.) | D106: R² | E106: R² ajustado | F106: RMSE (MWh) | G106: CV(RMSE) | H106: Variável removida | I106: Nº var. | J106: Consistência
B107: Iteração 1 – 7 variáveis | C107: =MAX(F8:F14) -> 0.9615518 | D107: =C17 -> 0.95266178 | E107: =C18 -> 0.9451307 | F107: =C19 -> 3.5591938 | G107: =C24 -> 0.013660915 | H107: =IF(C107>alfa,INDEX('4.1a Correlação'!$D$5:$J$5,MATCH(C107,F8:F14,0)),"(todas significativas)") -> P5 | I107: =ROWS(F8:F14) -> 7 | J107: =IF(ISNUMBER(MATCH(H107,Aux_X!$B$6:$G$6,0)),"ERRO: variável removida ainda está no bloco seguinte","OK") -> OK
B108: Iteração 2 – sem P5 | C108: =MAX(F30:F35) -> 0.86291767 | D108: =C38 -> 0.95265925 | E108: =C39 -> 0.94634715 | F108: =C40 -> 3.5195191 | G108: =C45 -> 0.013508635 | H108: =IF(C108>alfa,INDEX(Aux_X!$B$6:$G$6,MATCH(C108,F30:F35,0)),"(todas significativas)") -> P3 | I108: =ROWS(F30:F35) -> 6 | J108: =IF(ISNUMBER(MATCH(H108,Aux_X!$I$6:$M$6,0)),"ERRO: variável removida ainda está no bloco seguinte","OK") -> OK
B109: Iteração 3 – sem P5, P3 | C109: =MAX(F51:F55) -> 0.55236964 | D109: =C58 -> 0.95262753 | E109: =C59 -> 0.94747835 | F109: =C60 -> 3.4822194 | G109: =C65 -> 0.013365471 | H109: =IF(C109>alfa,INDEX(Aux_X!$I$6:$M$6,MATCH(C109,F51:F55,0)),"(todas significativas)") -> P4 | I109: =ROWS(F51:F55) -> 5 | J109: =IF(ISNUMBER(MATCH(H109,Aux_X!$O$6:$R$6,0)),"ERRO: variável removida ainda está no bloco seguinte","OK") -> OK
B110: Iteração 4 – sem P5, P3, P4 | C110: =MAX(F71:F74) -> 0.33938724 | D110: =C77 -> 0.95225851 | E110: =C78 -> 0.9481954 | F110: =C79 -> 3.4583672 | G110: =C84 -> 0.013273922 | H110: =IF(C110>alfa,INDEX(Aux_X!$O$6:$R$6,MATCH(C110,F71:F74,0)),"(todas significativas)") -> UR | I110: =ROWS(F71:F74) -> 4 | J110: =IF(ISNUMBER(MATCH(H110,Aux_X!$T$6:$V$6,0)),"ERRO: variável removida ainda está no bloco seguinte","OK") -> OK
B111: Iteração 5 – sem P5, P3, P4, UR (modelo final) | C111: =MAX(F90:F92) -> 1.0688158e-08 | D111: =C95 -> 0.95131221 | E111: =C96 -> 0.94826922 | F111: =C97 -> 3.4559023 | G111: =C102 -> 0.013264461 | H111: =IF(C111>alfa,INDEX(Aux_X!$T$6:$V$6,MATCH(C111,F90:F92,0)),"(todas significativas)") -> (todas significativas) | I111: =ROWS(F90:F92) -> 3 | J111: =IF(C111>alfa,"ERRO: ainda há variável não significativa","OK") -> OK
B113: ="Resultado: o modelo final mantém "&C115&" (todas com p < α). O R² ajustado passa de "&FIXED(E107,4,TRUE)&" (7 variáveis) para "&FIXED(E111,4,TRUE)&" (modelo final): retirar variáveis irrelevantes não piora o ajuste, e o RMSE vai de "&FIXED(F107,3,TRUE)&" para "&FIXED(F111,3,TRUE)&" MWh." -> Resultado: o modelo final mantém P1, P2, Temp (todas com p < α). O R² ajustado passa de 0,9451 (7 variáveis) para 0,9483 (modelo final): retirar variáveis irrelevantes não piora o ajuste, e o RMSE vai de 3,559 para 3,456 MWh.
B115: Variáveis mantidas no modelo final (p < α) | C115: =SUBSTITUTE(TRIM(IF(F90<alfa,Aux_X!T6&" ","")&IF(F91<alfa,Aux_X!U6&" ","")&IF(F92<alfa,Aux_X!V6&" ","")), " ", ", ") -> P1, P2, Temp

Sheet 4.2c Modelo Final
B2: Questão 4.2.c – Equação da Linha de Base e validação PIMVP/PROPEE
B3: EE_LB = β0 + β1·P1 + β2·P2 + β3·Temp (variáveis que restaram da eliminação em 4.2b; coeficientes obtidos por LINEST sobre as semanas do Ano 0).
B5: Coeficientes do modelo final
B6: Termo | C6: Coeficiente | D6: Erro-padrão | E6: t-stat | F6: p-valor | G6: IC95% inf. | H6: IC95% sup. | I6: Decisão (p < α)
B7: Intercepto | C7: =INDEX(LINEST('Ano 0 - Linha de Base'!$C$6:$C$57,Aux_X!$T$7:$V$58,TRUE(),TRUE()),1,4) -> 111.00555 | D7: =INDEX(LINEST('Ano 0 - Linha de Base'!$C$6:$C$57,Aux_X!$T$7:$V$58,TRUE(),TRUE()),2,4) -> 8.2075007 | E7: =C7/D7 -> 13.52489 | F7: =TDIST(ABS(E7),$C$17,2) -> 5.4199888e-18 | G7: =C7-TINV(alfa,$C$17)*D7 -> 94.503261 | H7: =C7+TINV(alfa,$C$17)*D7 -> 127.50783 | I7: —
B8: P1 (mil unid) – Estrutural Pesada | C8: =INDEX(LINEST('Ano 0 - Linha de Base'!$C$6:$C$57,Aux_X!$T$7:$V$58,TRUE(),TRUE()),1,3) -> 2.6082654 | D8: =INDEX(LINEST('Ano 0 - Linha de Base'!$C$6:$C$57,Aux_X!$T$7:$V$58,TRUE(),TRUE()),2,3) -> 0.18723287 | E8: =C8/D8 -> 13.930596 | F8: =TDIST(ABS(E8),$C$17,2) -> 1.7398016e-18 | G8: =C8-TINV(alfa,$C$17)*D8 -> 2.2318085 | H8: =C8+TINV(alfa,$C$17)*D8 -> 2.9847223 | I8: =IF(F8<alfa,"Significativa","Não significativa") -> Significativa
B9: P2 (mil unid) – Média | C9: =INDEX(LINEST('Ano 0 - Linha de Base'!$C$6:$C$57,Aux_X!$T$7:$V$58,TRUE(),TRUE()),1,2) -> 1.4109802 | D9: =INDEX(LINEST('Ano 0 - Linha de Base'!$C$6:$C$57,Aux_X!$T$7:$V$58,TRUE(),TRUE()),2,2) -> 0.20466593 | E9: =C9/D9 -> 6.8940649 | F9: =TDIST(ABS(E9),$C$17,2) -> 1.0688158e-08 | G9: =C9-TINV(alfa,$C$17)*D9 -> 0.99947177 | H9: =C9+TINV(alfa,$C$17)*D9 -> 1.8224886 | I9: =IF(F9<alfa,"Significativa","Não significativa") -> Significativa
B10: Temp (°C) | C10: =INDEX(LINEST('Ano 0 - Linha de Base'!$C$6:$C$57,Aux_X!$T$7:$V$58,TRUE(),TRUE()),1,1) -> 1.7383993 | D10: =INDEX(LINEST('Ano 0 - Linha de Base'!$C$6:$C$57,Aux_X!$T$7:$V$58,TRUE(),TRUE()),2,1) -> 0.10764499 | E10: =C10/D10 -> 16.149375 | F10: =TDIST(ABS(E10),$C$17,2) -> 4.916028e-21 | G10: =C10-TINV(alfa,$C$17)*D10 -> 1.5219646 | H10: =C10+TINV(alfa,$C$17)*D10 -> 1.9548341 | I10: =IF(F10<alfa,"Significativa","Não significativa") -> Significativa
B12: Estatísticas do modelo
B13: R² | C13: =INDEX(LINEST('Ano 0 - Linha de Base'!$C$6:$C$57,Aux_X!$T$7:$V$58,TRUE(),TRUE()),3,1) -> 0.95131221
B14: R² ajustado | C14: =1-(1-C13)*(COUNT('Ano 0 - Linha de Base'!$C$6:$C$57)-1)/C17 -> 0.94826922
B15: Erro-padrão da regressão, RMSE (MWh) | C15: =INDEX(LINEST('Ano 0 - Linha de Base'!$C$6:$C$57,Aux_X!$T$7:$V$58,TRUE(),TRUE()),3,2) -> 3.4559023
B16: Estatística F | C16: =INDEX(LINEST('Ano 0 - Linha de Base'!$C$6:$C$57,Aux_X!$T$7:$V$58,TRUE(),TRUE()),4,1) -> 312.62446
B17: Graus de liberdade (n−k−1) | C17: =INDEX(LINEST('Ano 0 - Linha de Base'!$C$6:$C$57,Aux_X!$T$7:$V$58,TRUE(),TRUE()),4,2) -> 48
B18: SQ regressão | C18: =INDEX(LINEST('Ano 0 - Linha de Base'!$C$6:$C$57,Aux_X!$T$7:$V$58,TRUE(),TRUE()),5,1) -> 11201.267
B19: SQ resíduo | C19: =INDEX(LINEST('Ano 0 - Linha de Base'!$C$6:$C$57,Aux_X!$T$7:$V$58,TRUE(),TRUE()),5,2) -> 573.27653
B20: CV(RMSE) | C20: =C15/AVERAGE('Ano 0 - Linha de Base'!$C$6:$C$57) -> 0.013264461
B22: Equação final (texto)
B23: ="EE_LB (MWh/sem) = "&FIXED(C7,4,TRUE)&" + "&FIXED(C8,4,TRUE)&"·P1 + "&FIXED(C9,4,TRUE)&"·P2 + "&FIXED(C10,4,TRUE)&"·Temp" -> EE_LB (MWh/sem) = 111,0055 + 2,6083·P1 + 1,4110·P2 + 1,7384·Temp
B25: Validação frente ao PIMVP/PROPEE
B26: Critério | C26: Valor obtido | D26: Limite | E26: Resultado
B27: R² (> 0,75) | C27: =C13 -> 0.95131221 | D27: 0.75 | E27: =IF(C27>D27,"ATENDE","NÃO ATENDE") -> ATENDE
B28: CV(RMSE) (< 15 %) | C28: =C20 -> 0.013264461 | D28: 0.15 | E28: =IF(C28<D28,"ATENDE","NÃO ATENDE") -> ATENDE
B29: |t| de todos os coeficientes (> 2,0) | C29: =MIN(ABS(E7),ABS(E8),ABS(E9),ABS(E10)) -> 6.8940649 | D29: 2 | E29: =IF(C29>D29,"ATENDE","NÃO ATENDE") -> ATENDE
B30: Viés médio (NMBE) – deve ser ≈ 0 | C30: =SUM(G37:G88)/SUM(I37:I88) -> 3.2097147e-16
B31: Durbin-Watson (resíduos; ≈2 = sem autocorrelação) | C31: =SUMXMY2(G38:G88,G37:G87)/SUMSQ(G37:G88) -> 1.6678186
B32: Média do consumo medido (MWh/sem) | C32: =AVERAGE('Ano 0 - Linha de Base'!$C$6:$C$57) -> 260.53846
B33: Conferência: RMSE = √(SQ resíduo / gl) (MWh) | C33: =SQRT(SUMSQ(G37:G88)/C17) -> 3.4559023
B36: Semana | C36: P1 | D36: P2 | E36: Temp | F36: Previsto (MWh) | G36: Resíduo (MWh) | H36: Resíduo² | I36: Medido (MWh)
B37: ='Ano 0 - Linha de Base'!B6 -> 1 | C37: ='Ano 0 - Linha de Base'!D6 -> 24 | D37: ='Ano 0 - Linha de Base'!E6 -> 37.4 | E37: ='Ano 0 - Linha de Base'!I6 -> 29.9 | F37: =$C$7+$C$8*C37+$C$9*D37+$C$10*E37 -> 278.35272 | G37: =I37-F37 -> -1.352716 | H37: =G37^2 -> 1.8298407 | I37: ='Ano 0 - Linha de Base'!C6 -> 277
B38: ='Ano 0 - Linha de Base'!B7 -> 2 | C38: ='Ano 0 - Linha de Base'!D7 -> 28 | D38: ='Ano 0 - Linha de Base'!E7 -> 39.3 | E38: ='Ano 0 - Linha de Base'!I7 -> 29.7 | F38: =$C$7+$C$8*C38+$C$9*D38+$C$10*E38 -> 291.11896 | G38: =I38-F38 -> -2.3189601 | H38: =G38^2 -> 5.3775761 | I38: ='Ano 0 - Linha de Base'!C7 -> 288.8
B39: ='Ano 0 - Linha de Base'!B8 -> 3 | C39: ='Ano 0 - Linha de Base'!D8 -> 25.2 | D39: ='Ano 0 - Linha de Base'!E8 -> 32.2 | E39: ='Ano 0 - Linha de Base'!I8 -> 30.5 | F39: =$C$7+$C$8*C39+$C$9*D39+$C$10*E39 -> 275.18858 | G39: =I39-F39 -> 0.51142296 | H39: =G39^2 -> 0.26155344 | I39: ='Ano 0 - Linha de Base'!C8 -> 275.7
B40: ='Ano 0 - Linha de Base'!B9 -> 4 | C40: ='Ano 0 - Linha de Base'!D9 -> 26.6 | D40: ='Ano 0 - Linha de Base'!E9 -> 36.9 | E40: ='Ano 0 - Linha de Base'!I9 -> 31.2 | F40: =$C$7+$C$8*C40+$C$9*D40+$C$10*E40 -> 286.68864 | G40: =I40-F40 -> -7.0886351 | H40: =G40^2 -> 50.248747 | I40: ='Ano 0 - Linha de Base'!C9 -> 279.6
B41: ='Ano 0 - Linha de Base'!B10 -> 5 | C41: ='Ano 0 - Linha de Base'!D10 -> 26.6 | D41: ='Ano 0 - Linha de Base'!E10 -> 38.4 | E41: ='Ano 0 - Linha de Base'!I10 -> 29.8 | F41: =$C$7+$C$8*C41+$C$9*D41+$C$10*E41 -> 286.37135 | G41: =I41-F41 -> -4.9713463 | H41: =G41^2 -> 24.714284 | I41: ='Ano 0 - Linha de Base'!C10 -> 281.4
B42: ='Ano 0 - Linha de Base'!B11 -> 6 | C42: ='Ano 0 - Linha de Base'!D11 -> 26.2 | D42: ='Ano 0 - Linha de Base'!E11 -> 36 | E42: ='Ano 0 - Linha de Base'!I11 -> 29.6 | F42: =$C$7+$C$8*C42+$C$9*D42+$C$10*E42 -> 281.59401 | G42: =I42-F42 -> 4.8059922 | H42: =G42^2 -> 23.097561 | I42: ='Ano 0 - Linha de Base'!C11 -> 286.4
B43: ='Ano 0 - Linha de Base'!B12 -> 7 | C43: ='Ano 0 - Linha de Base'!D12 -> 24.4 | D43: ='Ano 0 - Linha de Base'!E12 -> 42.1 | E43: ='Ano 0 - Linha de Base'!I12 -> 30.8 | F43: =$C$7+$C$8*C43+$C$9*D43+$C$10*E43 -> 287.59219 | G43: =I43-F43 -> 4.6078114 | H43: =G43^2 -> 21.231926 | I43: ='Ano 0 - Linha de Base'!C12 -> 292.2
B44: ='Ano 0 - Linha de Base'!B13 -> 8 | C44: ='Ano 0 - Linha de Base'!D13 -> 26.2 | D44: ='Ano 0 - Linha de Base'!E13 -> 35.1 | E44: ='Ano 0 - Linha de Base'!I13 -> 29.8 | F44: =$C$7+$C$8*C44+$C$9*D44+$C$10*E44 -> 280.67181 | G44: =I44-F44 -> -0.1718055 | H44: =G44^2 -> 0.029517129 | I44: ='Ano 0 - Linha de Base'!C13 -> 280.5
B45: ='Ano 0 - Linha de Base'!B14 -> 9 | C45: ='Ano 0 - Linha de Base'!D14 -> 23.2 | D45: ='Ano 0 - Linha de Base'!E14 -> 36.9 | E45: ='Ano 0 - Linha de Base'!I14 -> 28.3 | F45: =$C$7+$C$8*C45+$C$9*D45+$C$10*E45 -> 272.77917 | G45: =I45-F45 -> 2.3208253 | H45: =G45^2 -> 5.3862301 | I45: ='Ano 0 - Linha de Base'!C14 -> 275.1
B46: ='Ano 0 - Linha de Base'!B15 -> 10 | C46: ='Ano 0 - Linha de Base'!D15 -> 23.7 | D46: ='Ano 0 - Linha de Base'!E15 -> 37.9 | E46: ='Ano 0 - Linha de Base'!I15 -> 28.5 | F46: =$C$7+$C$8*C46+$C$9*D46+$C$10*E46 -> 275.84197 | G46: =I46-F46 -> 1.1580325 | H46: =G46^2 -> 1.3410394 | I46: ='Ano 0 - Linha de Base'!C15 -> 277
B47: ='Ano 0 - Linha de Base'!B16 -> 11 | C47: ='Ano 0 - Linha de Base'!D16 -> 22.8 | D47: ='Ano 0 - Linha de Base'!E16 -> 40.4 | E47: ='Ano 0 - Linha de Base'!I16 -> 27.1 | F47: =$C$7+$C$8*C47+$C$9*D47+$C$10*E47 -> 274.58822 | G47: =I47-F47 -> 9.51178 | H47: =G47^2 -> 90.473958 | I47: ='Ano 0 - Linha de Base'!C16 -> 284.1
B48: ='Ano 0 - Linha de Base'!B17 -> 12 | C48: ='Ano 0 - Linha de Base'!D17 -> 23.2 | D48: ='Ano 0 - Linha de Base'!E17 -> 33.7 | E48: ='Ano 0 - Linha de Base'!I17 -> 26.4 | F48: =$C$7+$C$8*C48+$C$9*D48+$C$10*E48 -> 264.96108 | G48: =I48-F48 -> 4.5389207 | H48: =G48^2 -> 20.601801 | I48: ='Ano 0 - Linha de Base'!C17 -> 269.5
... B88: ='Ano 0 - Linha de Base'!B57 -> 52 | C88: ='Ano 0 - Linha de Base'!D57 -> 23.9 | D88: ='Ano 0 - Linha de Base'!E57 -> 41.9 | E88: ='Ano 0 - Linha de Base'!I57 -> 28.8 | F88: =$C$7+$C$8*C88+$C$9*D88+$C$10*E88 -> 282.52906 | G88: =I88-F88 -> 1.7709388 | H88: =G88^2 -> 3.1362244 | I88: ='Ano 0 - Linha de Base'!C57 -> 284.3

Sheet 4.3 Economia Evitada
B2: Questão 4.3 – Economia evitada no Ano 1 (Linha de Base ajustada às condições reais)
B3: EE_LB,aj(s) = β0 + β1·P1(s) + β2·P2(s) + β3·Temp(s); ΔEE(s) = EE_LB,aj(s) − EE_medido(s). Os valores vêm da aba "Ano 1 - Pós-AEE" (colunas J:L).
B5: Indicadores
B6: Consumo medido Ano 1 (MWh) | E6: ='Ano 1 - Pós-AEE'!C59 -> 10735.8
B7: Linha de Base ajustada Ano 1 (MWh) | E7: ='Ano 1 - Pós-AEE'!K59 -> 13619.209
B8: Economia total acumulada (MWh) | E8: ='Ano 1 - Pós-AEE'!L59 -> 2883.4087
B9: Redução vs. LB ajustada (%) | E9: =E8/E7 -> 0.21171632
B10: Economia média semanal (MWh) | E10: =E8/COUNT('Ano 1 - Pós-AEE'!L6:L57) -> 55.450167
B11: Semanas com economia > 0 | E11: =COUNTIF('Ano 1 - Pós-AEE'!L6:L57,">0") -> 52
B12: Consumo medido Ano 0 (MWh) – referência bruta | E12: ='Ano 0 - Linha de Base'!C59 -> 13548
B13: Redução bruta Ano 1 vs. Ano 0 (sem ajuste) (%) | E13: =1-E6/E12 -> 0.20757307
B17: Semana | C17: P1 | D17: P2 | E17: Temp (°C) | F17: Consumo medido | G17: LB ajustada | H17: Economia (MWh) | I17: Economia (%) | J17: Economia acumulada
B18: ='Ano 1 - Pós-AEE'!B6 -> 1 | C18: ='Ano 1 - Pós-AEE'!D6 -> 20.7 | D18: ='Ano 1 - Pós-AEE'!E6 -> 40.5 | E18: ='Ano 1 - Pós-AEE'!I6 -> 28.9 | F18: ='Ano 1 - Pós-AEE'!C6 -> 214.8 | G18: ='Ano 1 - Pós-AEE'!K6 -> 272.38108 | H18: ='Ano 1 - Pós-AEE'!L6 -> 57.58108 | I18: ='Ano 1 - Pós-AEE'!M6 -> 0.21139897 | J18: =SUM($H$18:H18) -> 57.58108
B19: ='Ano 1 - Pós-AEE'!B7 -> 2 | C19: ='Ano 1 - Pós-AEE'!D7 -> 24.9 | D19: ='Ano 1 - Pós-AEE'!E7 -> 39.3 | E19: ='Ano 1 - Pós-AEE'!I7 -> 30.3 | F19: ='Ano 1 - Pós-AEE'!C7 -> 219.6 | G19: ='Ano 1 - Pós-AEE'!K7 -> 284.07638 | H19: ='Ano 1 - Pós-AEE'!L7 -> 64.476377 | I19: ='Ano 1 - Pós-AEE'!M7 -> 0.22696846 | J19: =SUM($H$18:H19) -> 122.05746
B20: ='Ano 1 - Pós-AEE'!B8 -> 3 | C20: ='Ano 1 - Pós-AEE'!D8 -> 23.3 | D20: ='Ano 1 - Pós-AEE'!E8 -> 41.4 | E20: ='Ano 1 - Pós-AEE'!I8 -> 30.9 | F20: ='Ano 1 - Pós-AEE'!C8 -> 224.1 | G20: ='Ano 1 - Pós-AEE'!K8 -> 283.90925 | H20: ='Ano 1 - Pós-AEE'!L8 -> 59.80925 | I20: ='Ano 1 - Pós-AEE'!M8 -> 0.21066327 | J20: =SUM($H$18:H20) -> 181.86671
B21: ='Ano 1 - Pós-AEE'!B9 -> 4 | C21: ='Ano 1 - Pós-AEE'!D9 -> 25.8 | D21: ='Ano 1 - Pós-AEE'!E9 -> 34.8 | E21: ='Ano 1 - Pós-AEE'!I9 -> 30.8 | F21: ='Ano 1 - Pós-AEE'!C9 -> 223.2 | G21: ='Ano 1 - Pós-AEE'!K9 -> 280.9436 | H21: ='Ano 1 - Pós-AEE'!L9 -> 57.743605 | I21: ='Ano 1 - Pós-AEE'!M9 -> 0.2055345 | J21: =SUM($H$18:H21) -> 239.61031
B22: ='Ano 1 - Pós-AEE'!B10 -> 5 | C22: ='Ano 1 - Pós-AEE'!D10 -> 23.8 | D22: ='Ano 1 - Pós-AEE'!E10 -> 39.8 | E22: ='Ano 1 - Pós-AEE'!I10 -> 29.2 | F22: ='Ano 1 - Pós-AEE'!C10 -> 221.7 | G22: ='Ano 1 - Pós-AEE'!K10 -> 280.00054 | H22: ='Ano 1 - Pós-AEE'!L10 -> 58.300536 | I22: ='Ano 1 - Pós-AEE'!M10 -> 0.2082158 | J22: =SUM($H$18:H22) -> 297.91085
B23: ='Ano 1 - Pós-AEE'!B11 -> 6 | C23: ='Ano 1 - Pós-AEE'!D11 -> 22.1 | D23: ='Ano 1 - Pós-AEE'!E11 -> 40.7 | E23: ='Ano 1 - Pós-AEE'!I11 -> 29.5 | F23: ='Ano 1 - Pós-AEE'!C11 -> 221.1 | G23: ='Ano 1 - Pós-AEE'!K11 -> 277.35789 | H23: ='Ano 1 - Pós-AEE'!L11 -> 56.257887 | I23: ='Ano 1 - Pós-AEE'!M11 -> 0.202835 | J23: =SUM($H$18:H23) -> 354.16873
B24: ='Ano 1 - Pós-AEE'!B12 -> 7 | C24: ='Ano 1 - Pós-AEE'!D12 -> 22.4 | D24: ='Ano 1 - Pós-AEE'!E12 -> 35.8 | E24: ='Ano 1 - Pós-AEE'!I12 -> 29.8 | F24: ='Ano 1 - Pós-AEE'!C12 -> 216.7 | G24: ='Ano 1 - Pós-AEE'!K12 -> 271.74808 | H24: ='Ano 1 - Pós-AEE'!L12 -> 55.048083 | I24: ='Ano 1 - Pós-AEE'!M12 -> 0.20257027 | J24: =SUM($H$18:H24) -> 409.21682
B25: ='Ano 1 - Pós-AEE'!B13 -> 8 | C25: ='Ano 1 - Pós-AEE'!D13 -> 25.1 | D25: ='Ano 1 - Pós-AEE'!E13 -> 41 | E25: ='Ano 1 - Pós-AEE'!I13 -> 30 | F25: ='Ano 1 - Pós-AEE'!C13 -> 226.2 | G25: ='Ano 1 - Pós-AEE'!K13 -> 286.47518 | H25: ='Ano 1 - Pós-AEE'!L13 -> 60.275177 | I25: ='Ano 1 - Pós-AEE'!M13 -> 0.21040279 | J25: =SUM($H$18:H25) -> 469.49199
B26: ='Ano 1 - Pós-AEE'!B14 -> 9 | C26: ='Ano 1 - Pós-AEE'!D14 -> 25.3 | D26: ='Ano 1 - Pós-AEE'!E14 -> 39 | E26: ='Ano 1 - Pós-AEE'!I14 -> 28.2 | F26: ='Ano 1 - Pós-AEE'!C14 -> 220.7 | G26: ='Ano 1 - Pós-AEE'!K14 -> 281.04575 | H26: ='Ano 1 - Pós-AEE'!L14 -> 60.345751 | I26: ='Ano 1 - Pós-AEE'!M14 -> 0.2147186 | J26: =SUM($H$18:H26) -> 529.83774
B27: ='Ano 1 - Pós-AEE'!B15 -> 10 | C27: ='Ano 1 - Pós-AEE'!D15 -> 22.9 | D27: ='Ano 1 - Pós-AEE'!E15 -> 37.1 | E27: ='Ano 1 - Pós-AEE'!I15 -> 27.9 | F27: ='Ano 1 - Pós-AEE'!C15 -> 209.3 | G27: ='Ano 1 - Pós-AEE'!K15 -> 271.58353 | H27: ='Ano 1 - Pós-AEE'!L15 -> 62.283531 | I27: ='Ano 1 - Pós-AEE'!M15 -> 0.22933471 | J27: =SUM($H$18:H27) -> 592.12128
B28: ='Ano 1 - Pós-AEE'!B16 -> 11 | C28: ='Ano 1 - Pós-AEE'!D16 -> 25.1 | D28: ='Ano 1 - Pós-AEE'!E16 -> 39 | E28: ='Ano 1 - Pós-AEE'!I16 -> 26.5 | F28: ='Ano 1 - Pós-AEE'!C16 -> 219.3 | G28: ='Ano 1 - Pós-AEE'!K16 -> 277.56882 | H28: ='Ano 1 - Pós-AEE'!L16 -> 58.268819 | I28: ='Ano 1 - Pós-AEE'!M16 -> 0.20992566 | J28: =SUM($H$18:H28) -> 650.39009
B29: ='Ano 1 - Pós-AEE'!B17 -> 12 | C29: ='Ano 1 - Pós-AEE'!D17 -> 20.7 | D29: ='Ano 1 - Pós-AEE'!E17 -> 42.1 | E29: ='Ano 1 - Pós-AEE'!I17 -> 25.7 | F29: ='Ano 1 - Pós-AEE'!C17 -> 211.9 | G29: ='Ano 1 - Pós-AEE'!K17 -> 269.07577 | H29: ='Ano 1 - Pós-AEE'!L17 -> 57.17577 | I29: ='Ano 1 - Pós-AEE'!M17 -> 0.21248948 | J29: =SUM($H$18:H29) -> 707.56586
... B69: ='Ano 1 - Pós-AEE'!B57 -> 52 | C69: ='Ano 1 - Pós-AEE'!D57 -> 25.8 | D69: ='Ano 1 - Pós-AEE'!E57 -> 42.6 | E69: ='Ano 1 - Pós-AEE'!I57 -> 28.4 | F69: ='Ano 1 - Pós-AEE'!C57 -> 223 | G69: ='Ano 1 - Pós-AEE'!K57 -> 287.77709 | H69: ='Ano 1 - Pós-AEE'!L57 -> 64.777092 | I69: ='Ano 1 - Pós-AEE'!M57 -> 0.22509468 | J69: =SUM($H$18:H69) -> 2883.4087
B70: TOTAL | F70: =SUM(F18:F69) -> 10735.8 | G70: =SUM(G18:G69) -> 13619.209 | H70: =SUM(H18:H69) -> 2883.4087 | I70: =H70/G70 -> 0.21171632

Sheet 4.4 ANR
B2: Questão 4.4 – Análise crítica e Ajuste Não de Rotina (nova extrusora, +15 MWh/semana a partir da semana 30)
B3: Células em azul são premissas editáveis (semana de início e carga da extrusora).
B5: Premissas | E5: Comparação
B6: Semana de início da extrusora | C6: 30 | E6: Economia sem ANR (MWh) | G6: =H67 -> 2538.4087
B7: Carga fixa da extrusora (MWh/semana) | C7: 15 | E7: Economia com ANR (MWh) | G7: =I67 -> 2883.4087
B8: Nº de semanas afetadas | C8: =COUNTIF('Ano 1 - Pós-AEE'!B6:B57,">="&C6) -> 23 | E8: Subestimativa evitada (MWh) | G8: =G7-G6 -> 345
B9: ANR total (MWh) = carga × semanas | C9: =C7*C8 -> 345 | E9: % sem ANR (sobre LB ajustada) | G9: =H67/E67 -> 0.18638445
E10: % com ANR (sobre LB + ANR) | G10: =I67/G67 -> 0.20648565
B12: ="Hipótese de trabalho: os dados do Ano 1 recebidos não contêm a extrusora (cenário hipotético). Logo, o consumo medido real a partir da semana "&C6&" seria o registrado MAIS "&C7&_xlfn._LONGTEXT(" MWh. Como a extrusora não tem relação com P1…P5, a equação da linha de base (que só enxerga produção e clima) continua válida, porém deixa de representar o novo estado da instalação: a fábrica passou a ter um fator estático novo (carga base maior), que n","ão é efeito do retrofit.") -> Hipótese de trabalho: os dados do Ano 1 recebidos não contêm a extrusora (cenário hipotético). Logo, o consumo medido real a partir da semana 30 seria o registrado MAIS 15 MWh. Como a extrusora não tem relação com P1…P5, a equação da linha de base (que só enxerga produção e clima) continua válida, porém deixa de representar o novo estado da instalação: a fábrica passou a ter um fator estático novo (carga base maior), que não é efeito do retrofit.
B13: ="Sem o ANR, os "&C7&" MWh/sem. da extrusora seriam contabilizados como consumo e a economia do retrofit seria subestimada. O ANR eleva a linha de base: EE_LB,aj,ANR(s) = EE_LB,aj(s) + "&C7&"·u(s − "&C6&"), onde u é o degrau unitário. A economia passa a ser ΔEE = EE_LB,aj + ANR − EE_medido." -> Sem o ANR, os 15 MWh/sem. da extrusora seriam contabilizados como consumo e a economia do retrofit seria subestimada. O ANR eleva a linha de base: EE_LB,aj,ANR(s) = EE_LB,aj(s) + 15·u(s − 30), onde u é o degrau unitário. A economia passa a ser ΔEE = EE_LB,aj + ANR − EE_medido.
B14: Semana | C14: Consumo medido registrado | D14: Consumo medido c/ extrusora | E14: LB ajustada (4.3) | F14: ANR (MWh) | G14: LB ajustada + ANR | H14: Economia SEM ANR (subestimada) | I14: Economia COM ANR
B15: ='Ano 1 - Pós-AEE'!B6 -> 1 | C15: ='Ano 1 - Pós-AEE'!C6 -> 214.8 | D15: =C15+IF(B15>=$C$6,$C$7,0) -> 214.8 | E15: ='Ano 1 - Pós-AEE'!K6 -> 272.38108 | F15: =IF(B15>=$C$6,$C$7,0) -> 0 | G15: =E15+F15 -> 272.38108 | H15: =E15-D15 -> 57.58108 | I15: =G15-D15 -> 57.58108
B16: ='Ano 1 - Pós-AEE'!B7 -> 2 | C16: ='Ano 1 - Pós-AEE'!C7 -> 219.6 | D16: =C16+IF(B16>=$C$6,$C$7,0) -> 219.6 | E16: ='Ano 1 - Pós-AEE'!K7 -> 284.07638 | F16: =IF(B16>=$C$6,$C$7,0) -> 0 | G16: =E16+F16 -> 284.07638 | H16: =E16-D16 -> 64.476377 | I16: =G16-D16 -> 64.476377
B17: ='Ano 1 - Pós-AEE'!B8 -> 3 | C17: ='Ano 1 - Pós-AEE'!C8 -> 224.1 | D17: =C17+IF(B17>=$C$6,$C$7,0) -> 224.1 | E17: ='Ano 1 - Pós-AEE'!K8 -> 283.90925 | F17: =IF(B17>=$C$6,$C$7,0) -> 0 | G17: =E17+F17 -> 283.90925 | H17: =E17-D17 -> 59.80925 | I17: =G17-D17 -> 59.80925
B18: ='Ano 1 - Pós-AEE'!B9 -> 4 | C18: ='Ano 1 - Pós-AEE'!C9 -> 223.2 | D18: =C18+IF(B18>=$C$6,$C$7,0) -> 223.2 | E18: ='Ano 1 - Pós-AEE'!K9 -> 280.9436 | F18: =IF(B18>=$C$6,$C$7,0) -> 0 | G18: =E18+F18 -> 280.9436 | H18: =E18-D18 -> 57.743605 | I18: =G18-D18 -> 57.743605
B19: ='Ano 1 - Pós-AEE'!B10 -> 5 | C19: ='Ano 1 - Pós-AEE'!C10 -> 221.7 | D19: =C19+IF(B19>=$C$6,$C$7,0) -> 221.7 | E19: ='Ano 1 - Pós-AEE'!K10 -> 280.00054 | F19: =IF(B19>=$C$6,$C$7,0) -> 0 | G19: =E19+F19 -> 280.00054 | H19: =E19-D19 -> 58.300536 | I19: =G19-D19 -> 58.300536
B20: ='Ano 1 - Pós-AEE'!B11 -> 6 | C20: ='Ano 1 - Pós-AEE'!C11 -> 221.1 | D20: =C20+IF(B20>=$C$6,$C$7,0) -> 221.1 | E20: ='Ano 1 - Pós-AEE'!K11 -> 277.35789 | F20: =IF(B20>=$C$6,$C$7,0) -> 0 | G20: =E20+F20 -> 277.35789 | H20: =E20-D20 -> 56.257887 | I20: =G20-D20 -> 56.257887
B21: ='Ano 1 - Pós-AEE'!B12 -> 7 | C21: ='Ano 1 - Pós-AEE'!C12 -> 216.7 | D21: =C21+IF(B21>=$C$6,$C$7,0) -> 216.7 | E21: ='Ano 1 - Pós-AEE'!K12 -> 271.74808 | F21: =IF(B21>=$C$6,$C$7,0) -> 0 | G21: =E21+F21 -> 271.74808 | H21: =E21-D21 -> 55.048083 | I21: =G21-D21 -> 55.048083
B22: ='Ano 1 - Pós-AEE'!B13 -> 8 | C22: ='Ano 1 - Pós-AEE'!C13 -> 226.2 | D22: =C22+IF(B22>=$C$6,$C$7,0) -> 226.2 | E22: ='Ano 1 - Pós-AEE'!K13 -> 286.47518 | F22: =IF(B22>=$C$6,$C$7,0) -> 0 | G22: =E22+F22 -> 286.47518 | H22: =E22-D22 -> 60.275177 | I22: =G22-D22 -> 60.275177
B23: ='Ano 1 - Pós-AEE'!B14 -> 9 | C23: ='Ano 1 - Pós-AEE'!C14 -> 220.7 | D23: =C23+IF(B23>=$C$6,$C$7,0) -> 220.7 | E23: ='Ano 1 - Pós-AEE'!K14 -> 281.04575 | F23: =IF(B23>=$C$6,$C$7,0) -> 0 | G23: =E23+F23 -> 281.04575 | H23: =E23-D23 -> 60.345751 | I23: =G23-D23 -> 60.345751
B24: ='Ano 1 - Pós-AEE'!B15 -> 10 | C24: ='Ano 1 - Pós-AEE'!C15 -> 209.3 | D24: =C24+IF(B24>=$C$6,$C$7,0) -> 209.3 | E24: ='Ano 1 - Pós-AEE'!K15 -> 271.58353 | F24: =IF(B24>=$C$6,$C$7,0) -> 0 | G24: =E24+F24 -> 271.58353 | H24: =E24-D24 -> 62.283531 | I24: =G24-D24 -> 62.283531
B25: ='Ano 1 - Pós-AEE'!B16 -> 11 | C25: ='Ano 1 - Pós-AEE'!C16 -> 219.3 | D25: =C25+IF(B25>=$C$6,$C$7,0) -> 219.3 | E25: ='Ano 1 - Pós-AEE'!K16 -> 277.56882 | F25: =IF(B25>=$C$6,$C$7,0) -> 0 | G25: =E25+F25 -> 277.56882 | H25: =E25-D25 -> 58.268819 | I25: =G25-D25 -> 58.268819
B26: ='Ano 1 - Pós-AEE'!B17 -> 12 | C26: ='Ano 1 - Pós-AEE'!C17 -> 211.9 | D26: =C26+IF(B26>=$C$6,$C$7,0) -> 211.9 | E26: ='Ano 1 - Pós-AEE'!K17 -> 269.07577 | F26: =IF(B26>=$C$6,$C$7,0) -> 0 | G26: =E26+F26 -> 269.07577 | H26: =E26-D26 -> 57.17577 | I26: =G26-D26 -> 57.17577
... B66: ='Ano 1 - Pós-AEE'!B57 -> 52 | C66: ='Ano 1 - Pós-AEE'!C57 -> 223 | D66: =C66+IF(B66>=$C$6,$C$7,0) -> 238 | E66: ='Ano 1 - Pós-AEE'!K57 -> 287.77709 | F66: =IF(B66>=$C$6,$C$7,0) -> 15 | G66: =E66+F66 -> 302.77709 | H66: =E66-D66 -> 49.777092 | I66: =G66-D66 -> 64.777092
B67: TOTAL | C67: =SUM(C15:C66) -> 10735.8 | D67: =SUM(D15:D66) -> 11080.8 | E67: =SUM(E15:E66) -> 13619.209 | F67: =SUM(F15:F66) -> 345 | G67: =SUM(G15:G66) -> 13964.209 | H67: =SUM(H15:H66) -> 2538.4087 | I67: =SUM(I15:I66) -> 2883.4087

Sheet Aux_X
B2: Aux_X – Blocos contíguos de regressores (referências às abas de dados; exigência do LINEST)
B3: Cada bloco é um conjunto de variáveis em colunas adjacentes usado nas iterações da eliminação regressiva (4.2b) e no modelo final (4.2c). Cada bloco é montado conforme a variável removida na iteração anterior (ver coluna "Consistência" em 4.2b).
B5: M2 | I5: M3 | O5: M4 | T5: M5 | X5: M6 (1d) | AC5: M7 (1d)
B6: P1 | C6: P2 | D6: P3 | E6: P4 | F6: Temp | G6: UR | I6: P1 | J6: P2 | K6: P4 | L6: Temp | M6: UR | O6: P1 | P6: P2 | Q6: Temp | R6: UR | T6: P1 | U6: P2 | V6: Temp | X6: P1 | Y6: P2 | Z6: Temp | AA6: UR⊥ | AC6: P1 | AD6: P2 | AE6: UR
B7: ='Ano 0 - Linha de Base'!D6 -> 24 | C7: ='Ano 0 - Linha de Base'!E6 -> 37.4 | D7: ='Ano 0 - Linha de Base'!F6 -> 85.7 | E7: ='Ano 0 - Linha de Base'!G6 -> 12.2 | F7: ='Ano 0 - Linha de Base'!I6 -> 29.9 | G7: ='Ano 0 - Linha de Base'!J6 -> 0.694 | I7: ='Ano 0 - Linha de Base'!D6 -> 24 | J7: ='Ano 0 - Linha de Base'!E6 -> 37.4 | K7: ='Ano 0 - Linha de Base'!G6 -> 12.2 | L7: ='Ano 0 - Linha de Base'!I6 -> 29.9 | M7: ='Ano 0 - Linha de Base'!J6 -> 0.694 | O7: ='Ano 0 - Linha de Base'!D6 -> 24 | P7: ='Ano 0 - Linha de Base'!E6 -> 37.4 | Q7: ='Ano 0 - Linha de Base'!I6 -> 29.9 | R7: ='Ano 0 - Linha de Base'!J6 -> 0.694 | T7: ='Ano 0 - Linha de Base'!D6 -> 24 | U7: ='Ano 0 - Linha de Base'!E6 -> 37.4 | V7: ='Ano 0 - Linha de Base'!I6 -> 29.9 | X7: ='Ano 0 - Linha de Base'!D6 -> 24 | Y7: ='Ano 0 - Linha de Base'!E6 -> 37.4 | Z7: ='Ano 0 - Linha de Base'!I6 -> 29.9 | AA7: ='Ano 0 - Linha de Base'!J6-('4.1d Dependência Temp-UR'!$C$6+'4.1d Dependência Temp-UR'!$C$7*'Ano 0 - Linha de Base'!I6) -> -0.011167387 | AC7: ='Ano 0 - Linha de Base'!D6 -> 24 | AD7: ='Ano 0 - Linha de Base'!E6 -> 37.4 | AE7: ='Ano 0 - Linha de Base'!J6 -> 0.694
B8: ='Ano 0 - Linha de Base'!D7 -> 28 | C8: ='Ano 0 - Linha de Base'!E7 -> 39.3 | D8: ='Ano 0 - Linha de Base'!F7 -> 85.7 | E8: ='Ano 0 - Linha de Base'!G7 -> 11.1 | F8: ='Ano 0 - Linha de Base'!I7 -> 29.7 | G8: ='Ano 0 - Linha de Base'!J7 -> 0.709 | I8: ='Ano 0 - Linha de Base'!D7 -> 28 | J8: ='Ano 0 - Linha de Base'!E7 -> 39.3 | K8: ='Ano 0 - Linha de Base'!G7 -> 11.1 | L8: ='Ano 0 - Linha de Base'!I7 -> 29.7 | M8: ='Ano 0 - Linha de Base'!J7 -> 0.709 | O8: ='Ano 0 - Linha de Base'!D7 -> 28 | P8: ='Ano 0 - Linha de Base'!E7 -> 39.3 | Q8: ='Ano 0 - Linha de Base'!I7 -> 29.7 | R8: ='Ano 0 - Linha de Base'!J7 -> 0.709 | T8: ='Ano 0 - Linha de Base'!D7 -> 28 | U8: ='Ano 0 - Linha de Base'!E7 -> 39.3 | V8: ='Ano 0 - Linha de Base'!I7 -> 29.7 | X8: ='Ano 0 - Linha de Base'!D7 -> 28 | Y8: ='Ano 0 - Linha de Base'!E7 -> 39.3 | Z8: ='Ano 0 - Linha de Base'!I7 -> 29.7 | AA8: ='Ano 0 - Linha de Base'!J7-('4.1d Dependência Temp-UR'!$C$6+'4.1d Dependência Temp-UR'!$C$7*'Ano 0 - Linha de Base'!I7) -> 0.0063831356 | AC8: ='Ano 0 - Linha de Base'!D7 -> 28 | AD8: ='Ano 0 - Linha de Base'!E7 -> 39.3 | AE8: ='Ano 0 - Linha de Base'!J7 -> 0.709
B9: ='Ano 0 - Linha de Base'!D8 -> 25.2 | C9: ='Ano 0 - Linha de Base'!E8 -> 32.2 | D9: ='Ano 0 - Linha de Base'!F8 -> 87.9 | E9: ='Ano 0 - Linha de Base'!G8 -> 11.7 | F9: ='Ano 0 - Linha de Base'!I8 -> 30.5 | G9: ='Ano 0 - Linha de Base'!J8 -> 0.763 | I9: ='Ano 0 - Linha de Base'!D8 -> 25.2 | J9: ='Ano 0 - Linha de Base'!E8 -> 32.2 | K9: ='Ano 0 - Linha de Base'!G8 -> 11.7 | L9: ='Ano 0 - Linha de Base'!I8 -> 30.5 | M9: ='Ano 0 - Linha de Base'!J8 -> 0.763 | O9: ='Ano 0 - Linha de Base'!D8 -> 25.2 | P9: ='Ano 0 - Linha de Base'!E8 -> 32.2 | Q9: ='Ano 0 - Linha de Base'!I8 -> 30.5 | R9: ='Ano 0 - Linha de Base'!J8 -> 0.763 | T9: ='Ano 0 - Linha de Base'!D8 -> 25.2 | U9: ='Ano 0 - Linha de Base'!E8 -> 32.2 | V9: ='Ano 0 - Linha de Base'!I8 -> 30.5 | X9: ='Ano 0 - Linha de Base'!D8 -> 25.2 | Y9: ='Ano 0 - Linha de Base'!E8 -> 32.2 | Z9: ='Ano 0 - Linha de Base'!I8 -> 30.5 | AA9: ='Ano 0 - Linha de Base'!J8-('4.1d Dependência Temp-UR'!$C$6+'4.1d Dependência Temp-UR'!$C$7*'Ano 0 - Linha de Base'!I8) -> 0.050181044 | AC9: ='Ano 0 - Linha de Base'!D8 -> 25.2 | AD9: ='Ano 0 - Linha de Base'!E8 -> 32.2 | AE9: ='Ano 0 - Linha de Base'!J8 -> 0.763
B10: ='Ano 0 - Linha de Base'!D9 -> 26.6 | C10: ='Ano 0 - Linha de Base'!E9 -> 36.9 | D10: ='Ano 0 - Linha de Base'!F9 -> 82.1 | E10: ='Ano 0 - Linha de Base'!G9 -> 11.5 | F10: ='Ano 0 - Linha de Base'!I9 -> 31.2 | G10: ='Ano 0 - Linha de Base'!J9 -> 0.72 | I10: ='Ano 0 - Linha de Base'!D9 -> 26.6 | J10: ='Ano 0 - Linha de Base'!E9 -> 36.9 | K10: ='Ano 0 - Linha de Base'!G9 -> 11.5 | L10: ='Ano 0 - Linha de Base'!I9 -> 31.2 | M10: ='Ano 0 - Linha de Base'!J9 -> 0.72 | O10: ='Ano 0 - Linha de Base'!D9 -> 26.6 | P10: ='Ano 0 - Linha de Base'!E9 -> 36.9 | Q10: ='Ano 0 - Linha de Base'!I9 -> 31.2 | R10: ='Ano 0 - Linha de Base'!J9 -> 0.72 | T10: ='Ano 0 - Linha de Base'!D9 -> 26.6 | U10: ='Ano 0 - Linha de Base'!E9 -> 36.9 | V10: ='Ano 0 - Linha de Base'!I9 -> 31.2 | X10: ='Ano 0 - Linha de Base'!D9 -> 26.6 | Y10: ='Ano 0 - Linha de Base'!E9 -> 36.9 | Z10: ='Ano 0 - Linha de Base'!I9 -> 31.2 | AA10: ='Ano 0 - Linha de Base'!J9-('4.1d Dependência Temp-UR'!$C$6+'4.1d Dependência Temp-UR'!$C$7*'Ano 0 - Linha de Base'!I9) -> -0.0017457854 | AC10: ='Ano 0 - Linha de Base'!D9 -> 26.6 | AD10: ='Ano 0 - Linha de Base'!E9 -> 36.9 | AE10: ='Ano 0 - Linha de Base'!J9 -> 0.72
B11: ='Ano 0 - Linha de Base'!D10 -> 26.6 | C11: ='Ano 0 - Linha de Base'!E10 -> 38.4 | D11: ='Ano 0 - Linha de Base'!F10 -> 85.1 | E11: ='Ano 0 - Linha de Base'!G10 -> 11.6 | F11: ='Ano 0 - Linha de Base'!I10 -> 29.8 | G11: ='Ano 0 - Linha de Base'!J10 -> 0.705 | I11: ='Ano 0 - Linha de Base'!D10 -> 26.6 | J11: ='Ano 0 - Linha de Base'!E10 -> 38.4 | K11: ='Ano 0 - Linha de Base'!G10 -> 11.6 | L11: ='Ano 0 - Linha de Base'!I10 -> 29.8 | M11: ='Ano 0 - Linha de Base'!J10 -> 0.705 | O11: ='Ano 0 - Linha de Base'!D10 -> 26.6 | P11: ='Ano 0 - Linha de Base'!E10 -> 38.4 | Q11: ='Ano 0 - Linha de Base'!I10 -> 29.8 | R11: ='Ano 0 - Linha de Base'!J10 -> 0.705 | T11: ='Ano 0 - Linha de Base'!D10 -> 26.6 | U11: ='Ano 0 - Linha de Base'!E10 -> 38.4 | V11: ='Ano 0 - Linha de Base'!I10 -> 29.8 | X11: ='Ano 0 - Linha de Base'!D10 -> 26.6 | Y11: ='Ano 0 - Linha de Base'!E10 -> 38.4 | Z11: ='Ano 0 - Linha de Base'!I10 -> 29.8 | AA11: ='Ano 0 - Linha de Base'!J10-('4.1d Dependência Temp-UR'!$C$6+'4.1d Dependência Temp-UR'!$C$7*'Ano 0 - Linha de Base'!I10) -> 0.0011078742 | AC11: ='Ano 0 - Linha de Base'!D10 -> 26.6 | AD11: ='Ano 0 - Linha de Base'!E10 -> 38.4 | AE11: ='Ano 0 - Linha de Base'!J10 -> 0.705
B12: ='Ano 0 - Linha de Base'!D11 -> 26.2 | C12: ='Ano 0 - Linha de Base'!E11 -> 36 | D12: ='Ano 0 - Linha de Base'!F11 -> 80.6 | E12: ='Ano 0 - Linha de Base'!G11 -> 10.7 | F12: ='Ano 0 - Linha de Base'!I11 -> 29.6 | G12: ='Ano 0 - Linha de Base'!J11 -> 0.693 | I12: ='Ano 0 - Linha de Base'!D11 -> 26.2 | J12: ='Ano 0 - Linha de Base'!E11 -> 36 | K12: ='Ano 0 - Linha de Base'!G11 -> 10.7 | L12: ='Ano 0 - Linha de Base'!I11 -> 29.6 | M12: ='Ano 0 - Linha de Base'!J11 -> 0.693 | O12: ='Ano 0 - Linha de Base'!D11 -> 26.2 | P12: ='Ano 0 - Linha de Base'!E11 -> 36 | Q12: ='Ano 0 - Linha de Base'!I11 -> 29.6 | R12: ='Ano 0 - Linha de Base'!J11 -> 0.693 | T12: ='Ano 0 - Linha de Base'!D11 -> 26.2 | U12: ='Ano 0 - Linha de Base'!E11 -> 36 | V12: ='Ano 0 - Linha de Base'!I11 -> 29.6 | X12: ='Ano 0 - Linha de Base'!D11 -> 26.2 | Y12: ='Ano 0 - Linha de Base'!E11 -> 36 | Z12: ='Ano 0 - Linha de Base'!I11 -> 29.6 | AA12: ='Ano 0 - Linha de Base'!J11-('4.1d Dependência Temp-UR'!$C$6+'4.1d Dependência Temp-UR'!$C$7*'Ano 0 - Linha de Base'!I11) -> -0.008341603 | AC12: ='Ano 0 - Linha de Base'!D11 -> 26.2 | AD12: ='Ano 0 - Linha de Base'!E11 -> 36 | AE12: ='Ano 0 - Linha de Base'!J11 -> 0.693
B13: ='Ano 0 - Linha de Base'!D12 -> 24.4 | C13: ='Ano 0 - Linha de Base'!E12 -> 42.1 | D13: ='Ano 0 - Linha de Base'!F12 -> 83.5 | E13: ='Ano 0 - Linha de Base'!G12 -> 11.5 | F13: ='Ano 0 - Linha de Base'!I12 -> 30.8 | G13: ='Ano 0 - Linha de Base'!J12 -> 0.652 | I13: ='Ano 0 - Linha de Base'!D12 -> 24.4 | J13: ='Ano 0 - Linha de Base'!E12 -> 42.1 | K13: ='Ano 0 - Linha de Base'!G12 -> 11.5 | L13: ='Ano 0 - Linha de Base'!I12 -> 30.8 | M13: ='Ano 0 - Linha de Base'!J12 -> 0.652 | O13: ='Ano 0 - Linha de Base'!D12 -> 24.4 | P13: ='Ano 0 - Linha de Base'!E12 -> 42.1 | Q13: ='Ano 0 - Linha de Base'!I12 -> 30.8 | R13: ='Ano 0 - Linha de Base'!J12 -> 0.652 | T13: ='Ano 0 - Linha de Base'!D12 -> 24.4 | U13: ='Ano 0 - Linha de Base'!E12 -> 42.1 | V13: ='Ano 0 - Linha de Base'!I12 -> 30.8 | X13: ='Ano 0 - Linha de Base'!D12 -> 24.4 | Y13: ='Ano 0 - Linha de Base'!E12 -> 42.1 | Z13: ='Ano 0 - Linha de Base'!I12 -> 30.8 | AA13: ='Ano 0 - Linha de Base'!J12-('4.1d Dependência Temp-UR'!$C$6+'4.1d Dependência Temp-UR'!$C$7*'Ano 0 - Linha de Base'!I12) -> -0.06464474 | AC13: ='Ano 0 - Linha de Base'!D12 -> 24.4 | AD13: ='Ano 0 - Linha de Base'!E12 -> 42.1 | AE13: ='Ano 0 - Linha de Base'!J12 -> 0.652
B14: ='Ano 0 - Linha de Base'!D13 -> 26.2 | C14: ='Ano 0 - Linha de Base'!E13 -> 35.1 | D14: ='Ano 0 - Linha de Base'!F13 -> 81.4 | E14: ='Ano 0 - Linha de Base'!G13 -> 12 | F14: ='Ano 0 - Linha de Base'!I13 -> 29.8 | G14: ='Ano 0 - Linha de Base'!J13 -> 0.697 | I14: ='Ano 0 - Linha de Base'!D13 -> 26.2 | J14: ='Ano 0 - Linha de Base'!E13 -> 35.1 | K14: ='Ano 0 - Linha de Base'!G13 -> 12 | L14: ='Ano 0 - Linha de Base'!I13 -> 29.8 | M14: ='Ano 0 - Linha de Base'!J13 -> 0.697 | O14: ='Ano 0 - Linha de Base'!D13 -> 26.2 | P14: ='Ano 0 - Linha de Base'!E13 -> 35.1 | Q14: ='Ano 0 - Linha de Base'!I13 -> 29.8 | R14: ='Ano 0 - Linha de Base'!J13 -> 0.697 | T14: ='Ano 0 - Linha de Base'!D13 -> 26.2 | U14: ='Ano 0 - Linha de Base'!E13 -> 35.1 | V14: ='Ano 0 - Linha de Base'!I13 -> 29.8 | X14: ='Ano 0 - Linha de Base'!D13 -> 26.2 | Y14: ='Ano 0 - Linha de Base'!E13 -> 35.1 | Z14: ='Ano 0 - Linha de Base'!I13 -> 29.8 | AA14: ='Ano 0 - Linha de Base'!J13-('4.1d Dependência Temp-UR'!$C$6+'4.1d Dependência Temp-UR'!$C$7*'Ano 0 - Linha de Base'!I13) -> -0.0068921258 | AC14: ='Ano 0 - Linha de Base'!D13 -> 26.2 | AD14: ='Ano 0 - Linha de Base'!E13 -> 35.1 | AE14: ='Ano 0 - Linha de Base'!J13 -> 0.697
B15: ='Ano 0 - Linha de Base'!D14 -> 23.2 | C15: ='Ano 0 - Linha de Base'!E14 -> 36.9 | D15: ='Ano 0 - Linha de Base'!F14 -> 82.4 | E15: ='Ano 0 - Linha de Base'!G14 -> 13 | F15: ='Ano 0 - Linha de Base'!I14 -> 28.3 | G15: ='Ano 0 - Linha de Base'!J14 -> 0.681 | I15: ='Ano 0 - Linha de Base'!D14 -> 23.2 | J15: ='Ano 0 - Linha de Base'!E14 -> 36.9 | K15: ='Ano 0 - Linha de Base'!G14 -> 13 | L15: ='Ano 0 - Linha de Base'!I14 -> 28.3 | M15: ='Ano 0 - Linha de Base'!J14 -> 0.681 | O15: ='Ano 0 - Linha de Base'!D14 -> 23.2 | P15: ='Ano 0 - Linha de Base'!E14 -> 36.9 | Q15: ='Ano 0 - Linha de Base'!I14 -> 28.3 | R15: ='Ano 0 - Linha de Base'!J14 -> 0.681 | T15: ='Ano 0 - Linha de Base'!D14 -> 23.2 | U15: ='Ano 0 - Linha de Base'!E14 -> 36.9 | V15: ='Ano 0 - Linha de Base'!I14 -> 28.3 | X15: ='Ano 0 - Linha de Base'!D14 -> 23.2 | Y15: ='Ano 0 - Linha de Base'!E14 -> 36.9 | Z15: ='Ano 0 - Linha de Base'!I14 -> 28.3 | AA15: ='Ano 0 - Linha de Base'!J14-('4.1d Dependência Temp-UR'!$C$6+'4.1d Dependência Temp-UR'!$C$7*'Ano 0 - Linha de Base'!I14) -> -0.0037632048 | AC15: ='Ano 0 - Linha de Base'!D14 -> 23.2 | AD15: ='Ano 0 - Linha de Base'!E14 -> 36.9 | AE15: ='Ano 0 - Linha de Base'!J14 -> 0.681
B16: ='Ano 0 - Linha de Base'!D15 -> 23.7 | C16: ='Ano 0 - Linha de Base'!E15 -> 37.9 | D16: ='Ano 0 - Linha de Base'!F15 -> 84.7 | E16: ='Ano 0 - Linha de Base'!G15 -> 12.5 | F16: ='Ano 0 - Linha de Base'!I15 -> 28.5 | G16: ='Ano 0 - Linha de Base'!J15 -> 0.756 | I16: ='Ano 0 - Linha de Base'!D15 -> 23.7 | J16: ='Ano 0 - Linha de Base'!E15 -> 37.9 | K16: ='Ano 0 - Linha de Base'!G15 -> 12.5 | L16: ='Ano 0 - Linha de Base'!I15 -> 28.5 | M16: ='Ano 0 - Linha de Base'!J15 -> 0.756 | O16: ='Ano 0 - Linha de Base'!D15 -> 23.7 | P16: ='Ano 0 - Linha de Base'!E15 -> 37.9 | Q16: ='Ano 0 - Linha de Base'!I15 -> 28.5 | R16: ='Ano 0 - Linha de Base'!J15 -> 0.756 | T16: ='Ano 0 - Linha de Base'!D15 -> 23.7 | U16: ='Ano 0 - Linha de Base'!E15 -> 37.9 | V16: ='Ano 0 - Linha de Base'!I15 -> 28.5 | X16: ='Ano 0 - Linha de Base'!D15 -> 23.7 | Y16: ='Ano 0 - Linha de Base'!E15 -> 37.9 | Z16: ='Ano 0 - Linha de Base'!I15 -> 28.5 | AA16: ='Ano 0 - Linha de Base'!J15-('4.1d Dependência Temp-UR'!$C$6+'4.1d Dependência Temp-UR'!$C$7*'Ano 0 - Linha de Base'!I15) -> 0.068686272 | AC16: ='Ano 0 - Linha de Base'!D15 -> 23.7 | AD16: ='Ano 0 - Linha de Base'!E15 -> 37.9 | AE16: ='Ano 0 - Linha de Base'!J15 -> 0.756
B17: ='Ano 0 - Linha de Base'!D16 -> 22.8 | C17: ='Ano 0 - Linha de Base'!E16 -> 40.4 | D17: ='Ano 0 - Linha de Base'!F16 -> 78.3 | E17: ='Ano 0 - Linha de Base'!G16 -> 13.7 | F17: ='Ano 0 - Linha de Base'!I16 -> 27.1 | G17: ='Ano 0 - Linha de Base'!J16 -> 0.659 | I17: ='Ano 0 - Linha de Base'!D16 -> 22.8 | J17: ='Ano 0 - Linha de Base'!E16 -> 40.4 | K17: ='Ano 0 - Linha de Base'!G16 -> 13.7 | L17: ='Ano 0 - Linha de Base'!I16 -> 27.1 | M17: ='Ano 0 - Linha de Base'!J16 -> 0.659 | O17: ='Ano 0 - Linha de Base'!D16 -> 22.8 | P17: ='Ano 0 - Linha de Base'!E16 -> 40.4 | Q17: ='Ano 0 - Linha de Base'!I16 -> 27.1 | R17: ='Ano 0 - Linha de Base'!J16 -> 0.659 | T17: ='Ano 0 - Linha de Base'!D16 -> 22.8 | U17: ='Ano 0 - Linha de Base'!E16 -> 40.4 | V17: ='Ano 0 - Linha de Base'!I16 -> 27.1 | X17: ='Ano 0 - Linha de Base'!D16 -> 22.8 | Y17: ='Ano 0 - Linha de Base'!E16 -> 40.4 | Z17: ='Ano 0 - Linha de Base'!I16 -> 27.1 | AA17: ='Ano 0 - Linha de Base'!J16-('4.1d Dependência Temp-UR'!$C$6+'4.1d Dependência Temp-UR'!$C$7*'Ano 0 - Linha de Base'!I16) -> -0.010460068 | AC17: ='Ano 0 - Linha de Base'!D16 -> 22.8 | AD17: ='Ano 0 - Linha de Base'!E16 -> 40.4 | AE17: ='Ano 0 - Linha de Base'!J16 -> 0.659
B18: ='Ano 0 - Linha de Base'!D17 -> 23.2 | C18: ='Ano 0 - Linha de Base'!E17 -> 33.7 | D18: ='Ano 0 - Linha de Base'!F17 -> 91.4 | E18: ='Ano 0 - Linha de Base'!G17 -> 10.7 | F18: ='Ano 0 - Linha de Base'!I17 -> 26.4 | G18: ='Ano 0 - Linha de Base'!J17 -> 0.666 | I18: ='Ano 0 - Linha de Base'!D17 -> 23.2 | J18: ='Ano 0 - Linha de Base'!E17 -> 33.7 | K18: ='Ano 0 - Linha de Base'!G17 -> 10.7 | L18: ='Ano 0 - Linha de Base'!I17 -> 26.4 | M18: ='Ano 0 - Linha de Base'!J17 -> 0.666 | O18: ='Ano 0 - Linha de Base'!D17 -> 23.2 | P18: ='Ano 0 - Linha de Base'!E17 -> 33.7 | Q18: ='Ano 0 - Linha de Base'!I17 -> 26.4 | R18: ='Ano 0 - Linha de Base'!J17 -> 0.666 | T18: ='Ano 0 - Linha de Base'!D17 -> 23.2 | U18: ='Ano 0 - Linha de Base'!E17 -> 33.7 | V18: ='Ano 0 - Linha de Base'!I17 -> 26.4 | X18: ='Ano 0 - Linha de Base'!D17 -> 23.2 | Y18: ='Ano 0 - Linha de Base'!E17 -> 33.7 | Z18: ='Ano 0 - Linha de Base'!I17 -> 26.4 | AA18: ='Ano 0 - Linha de Base'!J17-('4.1d Dependência Temp-UR'!$C$6+'4.1d Dependência Temp-UR'!$C$7*'Ano 0 - Linha de Base'!I17) -> 0.0054667618 | AC18: ='Ano 0 - Linha de Base'!D17 -> 23.2 | AD18: ='Ano 0 - Linha de Base'!E17 -> 33.7 | AE18: ='Ano 0 - Linha de Base'!J17 -> 0.666
... B58: ='Ano 0 - Linha de Base'!D57 -> 23.9 | C58: ='Ano 0 - Linha de Base'!E57 -> 41.9 | D58: ='Ano 0 - Linha de Base'!F57 -> 83.8 | E58: ='Ano 0 - Linha de Base'!G57 -> 10.8 | F58: ='Ano 0 - Linha de Base'!I57 -> 28.8 | G58: ='Ano 0 - Linha de Base'!J57 -> 0.664 | I58: ='Ano 0 - Linha de Base'!D57 -> 23.9 | J58: ='Ano 0 - Linha de Base'!E57 -> 41.9 | K58: ='Ano 0 - Linha de Base'!G57 -> 10.8 | L58: ='Ano 0 - Linha de Base'!I57 -> 28.8 | M58: ='Ano 0 - Linha de Base'!J57 -> 0.664 | O58: ='Ano 0 - Linha de Base'!D57 -> 23.9 | P58: ='Ano 0 - Linha de Base'!E57 -> 41.9 | Q58: ='Ano 0 - Linha de Base'!I57 -> 28.8 | R58: ='Ano 0 - Linha de Base'!J57 -> 0.664 | T58: ='Ano 0 - Linha de Base'!D57 -> 23.9 | U58: ='Ano 0 - Linha de Base'!E57 -> 41.9 | V58: ='Ano 0 - Linha de Base'!I57 -> 28.8 | X58: ='Ano 0 - Linha de Base'!D57 -> 23.9 | Y58: ='Ano 0 - Linha de Base'!E57 -> 41.9 | Z58: ='Ano 0 - Linha de Base'!I57 -> 28.8 | AA58: ='Ano 0 - Linha de Base'!J57-('4.1d Dependência Temp-UR'!$C$6+'4.1d Dependência Temp-UR'!$C$7*'Ano 0 - Linha de Base'!I57) -> -0.027139512 | AC58: ='Ano 0 - Linha de Base'!D57 -> 23.9 | AD58: ='Ano 0 - Linha de Base'!E57 -> 41.9 | AE58: ='Ano 0 - Linha de Base'!J57 -> 0.664
